suite,suite_label,tier,runs,formal_mean,stepwise_mean,full_pass,full_total,full_pass_rate,report_view,model_tier,model_tier_label
stayflow_concierge,StayFlow Concierge,A,30,0.0887550200803212,0.2659794734493529,0,30,0.0,paper_main_reported,M,Mini
stayflow_concierge,StayFlow Concierge,A,30,0.2305220883534136,0.3757189073755339,0,30,0.0,paper_main_reported,T,Turbo
stayflow_concierge,StayFlow Concierge,A,30,0.7285140562248995,0.8631677503665455,2,30,0.06666666666666667,paper_main_reported,F,Frontier
stayflow_concierge,StayFlow Concierge,B,30,0.1509090909090908,0.3434531384174925,0,30,0.0,paper_main_reported,M,Mini
stayflow_concierge,StayFlow Concierge,B,30,0.3063636363636364,0.4616149694891321,1,30,0.03333333333333333,paper_main_reported,T,Turbo
stayflow_concierge,StayFlow Concierge,B,30,0.6175757575757576,0.7795462652003322,1,30,0.03333333333333333,paper_main_reported,F,Frontier
stayflow_concierge,StayFlow Concierge,C,30,0.0274509803921568,0.1347611733344555,0,30,0.0,paper_main_reported,M,Mini
stayflow_concierge,StayFlow Concierge,C,30,0.1980392156862745,0.402028231375735,1,30,0.03333333333333333,paper_main_reported,T,Turbo
stayflow_concierge,StayFlow Concierge,C,30,0.3901960784313725,0.6709984977353983,0,30,0.0,paper_main_reported,F,Frontier
stayflow_concierge,StayFlow Concierge,D,30,0.0593434343434343,0.1963038858707775,0,30,0.0,paper_main_reported,M,Mini
stayflow_concierge,StayFlow Concierge,D,30,0.1987373737373737,0.3014876641188382,2,30,0.06666666666666667,paper_main_reported,T,Turbo
stayflow_concierge,StayFlow Concierge,D,30,0.3949494949494949,0.600040055179531,2,30,0.06666666666666667,paper_main_reported,F,Frontier
freshcart_market,FreshCart Market,A,30,0.0635658914728682,0.2115718783989987,0,30,0.0,paper_main_reported,M,Mini
freshcart_market,FreshCart Market,A,30,0.4542635658914728,0.5193427109509531,4,30,0.13333333333333333,paper_main_reported,T,Turbo
freshcart_market,FreshCart Market,A,30,0.7344961240310077,0.7747314980138167,8,30,0.26666666666666666,paper_main_reported,F,Frontier
freshcart_market,FreshCart Market,B,30,0.0573573573573573,0.1808280033280033,0,30,0.0,paper_main_reported,M,Mini
freshcart_market,FreshCart Market,B,30,0.0786786786786786,0.2419775619775619,0,30,0.0,paper_main_reported,T,Turbo
freshcart_market,FreshCart Market,B,30,0.4426426426426426,0.619576102076102,3,30,0.1,paper_main_reported,F,Frontier
freshcart_market,FreshCart Market,C,30,0.0566978193146417,0.1842591752251758,0,30,0.0,paper_main_reported,M,Mini
freshcart_market,FreshCart Market,C,30,0.1068535825545171,0.3269273844523602,0,30,0.0,paper_main_reported,T,Turbo
freshcart_market,FreshCart Market,C,30,0.4943925233644859,0.7080610305892291,4,30,0.13333333333333333,paper_main_reported,F,Frontier
freshcart_market,FreshCart Market,D,30,0.0299719887955182,0.1362652068319896,0,30,0.0,paper_main_reported,M,Mini
freshcart_market,FreshCart Market,D,30,0.1148459383753501,0.3223375664040828,0,30,0.0,paper_main_reported,T,Turbo
freshcart_market,FreshCart Market,D,30,0.4089635854341736,0.6457890960332748,1,30,0.03333333333333333,paper_main_reported,F,Frontier
clinic_shift_command,Clinic Shift Command,A,30,0.1644736842105263,0.3405536094022936,0,30,0.0,paper_main_reported,M,Mini
clinic_shift_command,Clinic Shift Command,A,30,0.5912280701754385,0.671784527606896,7,30,0.23333333333333334,paper_main_reported,T,Turbo
clinic_shift_command,Clinic Shift Command,A,30,0.7135964912280702,0.7649825320877953,16,30,0.5333333333333333,paper_main_reported,F,Frontier
clinic_shift_command,Clinic Shift Command,B,30,0.0757575757575757,0.2098112619703528,0,30,0.0,paper_main_reported,M,Mini
clinic_shift_command,Clinic Shift Command,B,30,0.3807162534435261,0.4602128427128427,4,30,0.13333333333333333,paper_main_reported,T,Turbo
clinic_shift_command,Clinic Shift Command,B,30,0.8856749311294767,0.9409523809523808,9,30,0.3,paper_main_reported,F,Frontier
clinic_shift_command,Clinic Shift Command,C,30,0.056068376068376,0.1942173431344787,0,30,0.0,paper_main_reported,M,Mini
clinic_shift_command,Clinic Shift Command,C,30,0.3247863247863247,0.4315044326518685,0,30,0.0,paper_main_reported,T,Turbo
clinic_shift_command,Clinic Shift Command,C,30,0.7796581196581196,0.8383452815164822,5,30,0.16666666666666666,paper_main_reported,F,Frontier
clinic_shift_command,Clinic Shift Command,D,30,0.0201288244766505,0.1448546529008244,0,30,0.0,paper_main_reported,M,Mini
clinic_shift_command,Clinic Shift Command,D,30,0.2818035426731079,0.4184168383807748,0,30,0.0,paper_main_reported,T,Turbo
clinic_shift_command,Clinic Shift Command,D,30,0.8180354267310789,0.879549789985351,3,30,0.1,paper_main_reported,F,Frontier
campus_registrar_command,Campus Registrar Command,A,30,0.213,0.405,1,30,0.03333333333333333,paper_main_reported,M,Mini
campus_registrar_command,Campus Registrar Command,A,30,0.444,0.565,9,30,0.3,paper_main_reported,T,Turbo
campus_registrar_command,Campus Registrar Command,A,30,0.809,0.848,21,30,0.7,paper_main_reported,F,Frontier
campus_registrar_command,Campus Registrar Command,B,30,0.123,0.231,2,30,0.06666666666666667,paper_main_reported,M,Mini
campus_registrar_command,Campus Registrar Command,B,30,0.473,0.612,5,30,0.16666666666666666,paper_main_reported,T,Turbo
campus_registrar_command,Campus Registrar Command,B,30,0.836,0.862,23,30,0.7666666666666667,paper_main_reported,F,Frontier
campus_registrar_command,Campus Registrar Command,C,30,0.1265536723163841,0.2298015918698268,0,30,0.0,paper_main_reported,M,Mini
campus_registrar_command,Campus Registrar Command,C,30,0.4242937853107344,0.4757398099619389,8,30,0.26666666666666666,paper_main_reported,T,Turbo
campus_registrar_command,Campus Registrar Command,C,30,0.71,0.8390000000000001,4,30,0.13333333333333333,paper_main_reported,F,Frontier
campus_registrar_command,Campus Registrar Command,D,30,0.1194444444444444,0.2015596789304495,0,30,0.0,paper_main_reported,M,Mini
campus_registrar_command,Campus Registrar Command,D,30,0.2839285714285714,0.3816426244065655,1,30,0.03333333333333333,paper_main_reported,T,Turbo
campus_registrar_command,Campus Registrar Command,D,30,0.774,0.89,1,30,0.03333333333333333,paper_main_reported,F,Frontier
media_campaign_launch_desk,Media Campaign Launch Desk,A,30,0.173,0.327,0,30,0.0,paper_main_reported,M,Mini
media_campaign_launch_desk,Media Campaign Launch Desk,A,30,0.492,0.5479999999999999,11,30,0.36666666666666664,paper_main_reported,T,Turbo
media_campaign_launch_desk,Media Campaign Launch Desk,A,30,0.958,0.98,26,30,0.8666666666666667,paper_main_reported,F,Frontier
media_campaign_launch_desk,Media Campaign Launch Desk,B,30,0.072,0.213,0,30,0.0,paper_main_reported,M,Mini
media_campaign_launch_desk,Media Campaign Launch Desk,B,30,0.425,0.5,10,30,0.3333333333333333,paper_main_reported,T,Turbo
media_campaign_launch_desk,Media Campaign Launch Desk,B,30,0.867,0.915,18,30,0.6,paper_main_reported,F,Frontier
media_campaign_launch_desk,Media Campaign Launch Desk,C,30,0.2727619047619047,0.397848285981059,3,30,0.1,paper_main_reported,M,Mini
media_campaign_launch_desk,Media Campaign Launch Desk,C,30,0.3790476190476191,0.4850624560935485,2,30,0.06666666666666667,paper_main_reported,T,Turbo
media_campaign_launch_desk,Media Campaign Launch Desk,C,30,0.8944761904761904,0.9410330621137344,15,30,0.5,paper_main_reported,F,Frontier
media_campaign_launch_desk,Media Campaign Launch Desk,D,30,0.1232804232804232,0.2607956647795766,0,30,0.0,paper_main_reported,M,Mini
media_campaign_launch_desk,Media Campaign Launch Desk,D,30,0.2675485008818342,0.3617463501040306,0,30,0.0,paper_main_reported,T,Turbo
media_campaign_launch_desk,Media Campaign Launch Desk,D,30,0.5656084656084656,0.6777123968978724,0,30,0.0,paper_main_reported,F,Frontier
homefix_hub,HomeFix Hub,A,30,0.2713178294573642,0.4534140966699106,0,30,0.0,paper_main_reported,M,Mini
homefix_hub,HomeFix Hub,A,30,0.2705426356589147,0.4081946611743123,4,30,0.13333333333333333,paper_main_reported,T,Turbo
homefix_hub,HomeFix Hub,A,30,0.6034883720930233,0.7926696365649855,7,30,0.23333333333333334,paper_main_reported,F,Frontier
homefix_hub,HomeFix Hub,B,30,0.1270833333333333,0.2618777217326324,0,30,0.0,paper_main_reported,M,Mini
homefix_hub,HomeFix Hub,B,30,0.3074404761904762,0.4081400795798117,2,30,0.06666666666666667,paper_main_reported,T,Turbo
homefix_hub,HomeFix Hub,B,30,0.674702380952381,0.8122046141688999,4,30,0.13333333333333333,paper_main_reported,F,Frontier
homefix_hub,HomeFix Hub,C,30,0.1035426731078904,0.2442931307529315,0,30,0.0,paper_main_reported,M,Mini
homefix_hub,HomeFix Hub,C,30,0.4233494363929146,0.4857317925282433,1,30,0.03333333333333333,paper_main_reported,T,Turbo
homefix_hub,HomeFix Hub,C,30,0.6075684380032206,0.7314294806019241,1,30,0.03333333333333333,paper_main_reported,F,Frontier
homefix_hub,HomeFix Hub,D,30,0.0472324723247232,0.1873100606410519,0,30,0.0,paper_main_reported,M,Mini
homefix_hub,HomeFix Hub,D,30,0.204920049200492,0.3751804150237267,0,30,0.0,paper_main_reported,T,Turbo
homefix_hub,HomeFix Hub,D,30,0.4154981549815498,0.6655057933739242,0,30,0.0,paper_main_reported,F,Frontier
