archive_path,source_path,size_bytes,reason
"README.md","README.md",3885,"project frontmatter / build metadata"
"cohorts/stayflow-tier-b-model-tier-f.yaml","cohorts/stayflow-tier-b-model-tier-f.yaml",4521,"top-level cohort configs"
"cohorts/stayflow-tier-b-model-tier-m.yaml","cohorts/stayflow-tier-b-model-tier-m.yaml",4034,"top-level cohort configs"
"cohorts/stayflow-tier-b-model-tier-t.yaml","cohorts/stayflow-tier-b-model-tier-t.yaml",4126,"top-level cohort configs"
"detoxbench/__init__.py","detoxbench/__init__.py",122,"core ConformWeb evaluator/compiler source"
"detoxbench/__main__.py","detoxbench/__main__.py",91,"core ConformWeb evaluator/compiler source"
"detoxbench/cli.py","detoxbench/cli.py",13289,"core ConformWeb evaluator/compiler source"
"detoxbench/cohorts.py","detoxbench/cohorts.py",3900,"core ConformWeb evaluator/compiler source"
"detoxbench/core/__init__.py","detoxbench/core/__init__.py",55,"core ConformWeb evaluator/compiler source"
"detoxbench/core/assertions.py","detoxbench/core/assertions.py",59676,"core ConformWeb evaluator/compiler source"
"detoxbench/core/logging.py","detoxbench/core/logging.py",680,"core ConformWeb evaluator/compiler source"
"detoxbench/core/models.py","detoxbench/core/models.py",16165,"core ConformWeb evaluator/compiler source"
"detoxbench/core/state.py","detoxbench/core/state.py",760,"core ConformWeb evaluator/compiler source"
"detoxbench/core/templates.py","detoxbench/core/templates.py",1446,"core ConformWeb evaluator/compiler source"
"detoxbench/core/yaml_loader.py","detoxbench/core/yaml_loader.py",433,"core ConformWeb evaluator/compiler source"
"detoxbench/dashboard.py","detoxbench/dashboard.py",44738,"core ConformWeb evaluator/compiler source"
"detoxbench/dashboard_template.html","detoxbench/dashboard_template.html",46419,"core ConformWeb evaluator/compiler source"
"detoxbench/dsl/__init__.py","detoxbench/dsl/__init__.py",883,"core ConformWeb evaluator/compiler source"
"detoxbench/dsl/compiler.py","detoxbench/dsl/compiler.py",172480,"core ConformWeb evaluator/compiler source"
"detoxbench/dsl/scenario_sets.py","detoxbench/dsl/scenario_sets.py",5256,"core ConformWeb evaluator/compiler source"
"detoxbench/dsl/web_bridge.py","detoxbench/dsl/web_bridge.py",19551,"core ConformWeb evaluator/compiler source"
"detoxbench/gallery.py","detoxbench/gallery.py",11687,"core ConformWeb evaluator/compiler source"
"detoxbench/known_bad.py","detoxbench/known_bad.py",5229,"core ConformWeb evaluator/compiler source"
"detoxbench/web/__init__.py","detoxbench/web/__init__.py",35,"core ConformWeb evaluator/compiler source"
"detoxbench/web/evaluator.py","detoxbench/web/evaluator.py",22811,"core ConformWeb evaluator/compiler source"
"detoxbench/web/local_server.py","detoxbench/web/local_server.py",1715,"core ConformWeb evaluator/compiler source"
"docs/architecture.md","docs/architecture.md",7053,"project design documentation"
"docs/authoring.md","docs/authoring.md",15719,"project design documentation"
"docs/candidate-workflow.md","docs/candidate-workflow.md",7113,"project design documentation"
"docs/dashboard.md","docs/dashboard.md",2857,"project design documentation"
"docs/dsl-v3-roadmap.md","docs/dsl-v3-roadmap.md",5250,"project design documentation"
"docs/evaluator-stabilization.md","docs/evaluator-stabilization.md",5798,"project design documentation"
"docs/maturity.md","docs/maturity.md",15776,"project design documentation"
"docs/model-tiers.md","docs/model-tiers.md",1630,"project design documentation"
"docs/paper-execution-plan.md","docs/paper-execution-plan.md",10691,"project design documentation"
"docs/paper-target-development-method.md","docs/paper-target-development-method.md",6734,"project design documentation"
"docs/philosophy.md","docs/philosophy.md",6925,"project design documentation"
"docs/release-governance.md","docs/release-governance.md",4251,"project design documentation"
"docs/scenario-difficulty-tiers.md","docs/scenario-difficulty-tiers.md",6149,"project design documentation"
"pyproject.toml","pyproject.toml",646,"project frontmatter / build metadata"
"reports/conformweb_visualizations/README.md","reports/conformweb_visualizations/README.md",2649,"paper report / audit note"
"reports/conformweb_visualizations/contract_pack/20260517/behavioral_contract_language_spec.md","reports/conformweb_visualizations/contract_pack/20260517/behavioral_contract_language_spec.md",15440,"contract language spec / contract pack manifest"
"reports/conformweb_visualizations/contract_pack/20260517/combined/campus_registrar_command/tier_a/contract.dsl.yaml","reports/conformweb_visualizations/contract_pack/20260517/combined/campus_registrar_command/tier_a/contract.dsl.yaml",20116,"combined contract/scenario pack"
"reports/conformweb_visualizations/contract_pack/20260517/combined/campus_registrar_command/tier_a/scenarios.private.dsl.yaml","reports/conformweb_visualizations/contract_pack/20260517/combined/campus_registrar_command/tier_a/scenarios.private.dsl.yaml",4437,"combined contract/scenario pack"
"reports/conformweb_visualizations/contract_pack/20260517/combined/campus_registrar_command/tier_a/scenarios.public.dsl.yaml","reports/conformweb_visualizations/contract_pack/20260517/combined/campus_registrar_command/tier_a/scenarios.public.dsl.yaml",6336,"combined contract/scenario pack"
"reports/conformweb_visualizations/contract_pack/20260517/combined/campus_registrar_command/tier_b/contract.dsl.yaml","reports/conformweb_visualizations/contract_pack/20260517/combined/campus_registrar_command/tier_b/contract.dsl.yaml",32275,"combined contract/scenario pack"
"reports/conformweb_visualizations/contract_pack/20260517/combined/campus_registrar_command/tier_b/scenarios.public.dsl.yaml","reports/conformweb_visualizations/contract_pack/20260517/combined/campus_registrar_command/tier_b/scenarios.public.dsl.yaml",9587,"combined contract/scenario pack"
"reports/conformweb_visualizations/contract_pack/20260517/combined/campus_registrar_command/tier_c/contract.dsl.yaml","reports/conformweb_visualizations/contract_pack/20260517/combined/campus_registrar_command/tier_c/contract.dsl.yaml",49798,"combined contract/scenario pack"
"reports/conformweb_visualizations/contract_pack/20260517/combined/campus_registrar_command/tier_c/scenarios.private.dsl.yaml","reports/conformweb_visualizations/contract_pack/20260517/combined/campus_registrar_command/tier_c/scenarios.private.dsl.yaml",26568,"combined contract/scenario pack"
"reports/conformweb_visualizations/contract_pack/20260517/combined/campus_registrar_command/tier_c/scenarios.public.dsl.yaml","reports/conformweb_visualizations/contract_pack/20260517/combined/campus_registrar_command/tier_c/scenarios.public.dsl.yaml",19493,"combined contract/scenario pack"
"reports/conformweb_visualizations/contract_pack/20260517/combined/campus_registrar_command/tier_d/contract.dsl.yaml","reports/conformweb_visualizations/contract_pack/20260517/combined/campus_registrar_command/tier_d/contract.dsl.yaml",59831,"combined contract/scenario pack"
"reports/conformweb_visualizations/contract_pack/20260517/combined/campus_registrar_command/tier_d/scenarios.private.dsl.yaml","reports/conformweb_visualizations/contract_pack/20260517/combined/campus_registrar_command/tier_d/scenarios.private.dsl.yaml",19841,"combined contract/scenario pack"
"reports/conformweb_visualizations/contract_pack/20260517/combined/campus_registrar_command/tier_d/scenarios.public.dsl.yaml","reports/conformweb_visualizations/contract_pack/20260517/combined/campus_registrar_command/tier_d/scenarios.public.dsl.yaml",26942,"combined contract/scenario pack"
"reports/conformweb_visualizations/contract_pack/20260517/combined/clinic_shift_command/tier_a/contract.dsl.yaml","reports/conformweb_visualizations/contract_pack/20260517/combined/clinic_shift_command/tier_a/contract.dsl.yaml",24433,"combined contract/scenario pack"
"reports/conformweb_visualizations/contract_pack/20260517/combined/clinic_shift_command/tier_a/scenarios.private.dsl.yaml","reports/conformweb_visualizations/contract_pack/20260517/combined/clinic_shift_command/tier_a/scenarios.private.dsl.yaml",8568,"combined contract/scenario pack"
"reports/conformweb_visualizations/contract_pack/20260517/combined/clinic_shift_command/tier_a/scenarios.public.dsl.yaml","reports/conformweb_visualizations/contract_pack/20260517/combined/clinic_shift_command/tier_a/scenarios.public.dsl.yaml",4268,"combined contract/scenario pack"
"reports/conformweb_visualizations/contract_pack/20260517/combined/clinic_shift_command/tier_b/contract.dsl.yaml","reports/conformweb_visualizations/contract_pack/20260517/combined/clinic_shift_command/tier_b/contract.dsl.yaml",40928,"combined contract/scenario pack"
"reports/conformweb_visualizations/contract_pack/20260517/combined/clinic_shift_command/tier_b/scenarios.private.dsl.yaml","reports/conformweb_visualizations/contract_pack/20260517/combined/clinic_shift_command/tier_b/scenarios.private.dsl.yaml",16422,"combined contract/scenario pack"
"reports/conformweb_visualizations/contract_pack/20260517/combined/clinic_shift_command/tier_b/scenarios.public.dsl.yaml","reports/conformweb_visualizations/contract_pack/20260517/combined/clinic_shift_command/tier_b/scenarios.public.dsl.yaml",7655,"combined contract/scenario pack"
"reports/conformweb_visualizations/contract_pack/20260517/combined/clinic_shift_command/tier_c/contract.dsl.yaml","reports/conformweb_visualizations/contract_pack/20260517/combined/clinic_shift_command/tier_c/contract.dsl.yaml",70401,"combined contract/scenario pack"
"reports/conformweb_visualizations/contract_pack/20260517/combined/clinic_shift_command/tier_c/scenarios.private.dsl.yaml","reports/conformweb_visualizations/contract_pack/20260517/combined/clinic_shift_command/tier_c/scenarios.private.dsl.yaml",37812,"combined contract/scenario pack"
"reports/conformweb_visualizations/contract_pack/20260517/combined/clinic_shift_command/tier_c/scenarios.public.dsl.yaml","reports/conformweb_visualizations/contract_pack/20260517/combined/clinic_shift_command/tier_c/scenarios.public.dsl.yaml",14760,"combined contract/scenario pack"
"reports/conformweb_visualizations/contract_pack/20260517/combined/clinic_shift_command/tier_d/contract.dsl.yaml","reports/conformweb_visualizations/contract_pack/20260517/combined/clinic_shift_command/tier_d/contract.dsl.yaml",75215,"combined contract/scenario pack"
"reports/conformweb_visualizations/contract_pack/20260517/combined/clinic_shift_command/tier_d/scenarios.private.dsl.yaml","reports/conformweb_visualizations/contract_pack/20260517/combined/clinic_shift_command/tier_d/scenarios.private.dsl.yaml",46802,"combined contract/scenario pack"
"reports/conformweb_visualizations/contract_pack/20260517/combined/clinic_shift_command/tier_d/scenarios.public.dsl.yaml","reports/conformweb_visualizations/contract_pack/20260517/combined/clinic_shift_command/tier_d/scenarios.public.dsl.yaml",15538,"combined contract/scenario pack"
"reports/conformweb_visualizations/contract_pack/20260517/combined/freshcart_market/tier_a/contract.dsl.yaml","reports/conformweb_visualizations/contract_pack/20260517/combined/freshcart_market/tier_a/contract.dsl.yaml",22921,"combined contract/scenario pack"
"reports/conformweb_visualizations/contract_pack/20260517/combined/freshcart_market/tier_a/scenarios.private.dsl.yaml","reports/conformweb_visualizations/contract_pack/20260517/combined/freshcart_market/tier_a/scenarios.private.dsl.yaml",10980,"combined contract/scenario pack"
"reports/conformweb_visualizations/contract_pack/20260517/combined/freshcart_market/tier_a/scenarios.public.dsl.yaml","reports/conformweb_visualizations/contract_pack/20260517/combined/freshcart_market/tier_a/scenarios.public.dsl.yaml",2746,"combined contract/scenario pack"
"reports/conformweb_visualizations/contract_pack/20260517/combined/freshcart_market/tier_b/contract.dsl.yaml","reports/conformweb_visualizations/contract_pack/20260517/combined/freshcart_market/tier_b/contract.dsl.yaml",39551,"combined contract/scenario pack"
"reports/conformweb_visualizations/contract_pack/20260517/combined/freshcart_market/tier_b/scenarios.private.dsl.yaml","reports/conformweb_visualizations/contract_pack/20260517/combined/freshcart_market/tier_b/scenarios.private.dsl.yaml",17413,"combined contract/scenario pack"
"reports/conformweb_visualizations/contract_pack/20260517/combined/freshcart_market/tier_b/scenarios.public.dsl.yaml","reports/conformweb_visualizations/contract_pack/20260517/combined/freshcart_market/tier_b/scenarios.public.dsl.yaml",3170,"combined contract/scenario pack"
"reports/conformweb_visualizations/contract_pack/20260517/combined/freshcart_market/tier_c/contract.dsl.yaml","reports/conformweb_visualizations/contract_pack/20260517/combined/freshcart_market/tier_c/contract.dsl.yaml",59408,"combined contract/scenario pack"
"reports/conformweb_visualizations/contract_pack/20260517/combined/freshcart_market/tier_c/scenarios.private.dsl.yaml","reports/conformweb_visualizations/contract_pack/20260517/combined/freshcart_market/tier_c/scenarios.private.dsl.yaml",16384,"combined contract/scenario pack"
"reports/conformweb_visualizations/contract_pack/20260517/combined/freshcart_market/tier_c/scenarios.public.dsl.yaml","reports/conformweb_visualizations/contract_pack/20260517/combined/freshcart_market/tier_c/scenarios.public.dsl.yaml",5492,"combined contract/scenario pack"
"reports/conformweb_visualizations/contract_pack/20260517/combined/freshcart_market/tier_d/contract.dsl.yaml","reports/conformweb_visualizations/contract_pack/20260517/combined/freshcart_market/tier_d/contract.dsl.yaml",64617,"combined contract/scenario pack"
"reports/conformweb_visualizations/contract_pack/20260517/combined/freshcart_market/tier_d/scenarios.private.dsl.yaml","reports/conformweb_visualizations/contract_pack/20260517/combined/freshcart_market/tier_d/scenarios.private.dsl.yaml",19165,"combined contract/scenario pack"
"reports/conformweb_visualizations/contract_pack/20260517/combined/freshcart_market/tier_d/scenarios.public.dsl.yaml","reports/conformweb_visualizations/contract_pack/20260517/combined/freshcart_market/tier_d/scenarios.public.dsl.yaml",6189,"combined contract/scenario pack"
"reports/conformweb_visualizations/contract_pack/20260517/combined/homefix_hub/tier_a/contract.dsl.yaml","reports/conformweb_visualizations/contract_pack/20260517/combined/homefix_hub/tier_a/contract.dsl.yaml",16456,"combined contract/scenario pack"
"reports/conformweb_visualizations/contract_pack/20260517/combined/homefix_hub/tier_a/scenarios.private.dsl.yaml","reports/conformweb_visualizations/contract_pack/20260517/combined/homefix_hub/tier_a/scenarios.private.dsl.yaml",4400,"combined contract/scenario pack"
"reports/conformweb_visualizations/contract_pack/20260517/combined/homefix_hub/tier_a/scenarios.public.dsl.yaml","reports/conformweb_visualizations/contract_pack/20260517/combined/homefix_hub/tier_a/scenarios.public.dsl.yaml",6435,"combined contract/scenario pack"
"reports/conformweb_visualizations/contract_pack/20260517/combined/homefix_hub/tier_b/contract.dsl.yaml","reports/conformweb_visualizations/contract_pack/20260517/combined/homefix_hub/tier_b/contract.dsl.yaml",20406,"combined contract/scenario pack"
"reports/conformweb_visualizations/contract_pack/20260517/combined/homefix_hub/tier_b/scenarios.private.dsl.yaml","reports/conformweb_visualizations/contract_pack/20260517/combined/homefix_hub/tier_b/scenarios.private.dsl.yaml",5703,"combined contract/scenario pack"
"reports/conformweb_visualizations/contract_pack/20260517/combined/homefix_hub/tier_b/scenarios.public.dsl.yaml","reports/conformweb_visualizations/contract_pack/20260517/combined/homefix_hub/tier_b/scenarios.public.dsl.yaml",8124,"combined contract/scenario pack"
"reports/conformweb_visualizations/contract_pack/20260517/combined/homefix_hub/tier_c/contract.dsl.yaml","reports/conformweb_visualizations/contract_pack/20260517/combined/homefix_hub/tier_c/contract.dsl.yaml",29209,"combined contract/scenario pack"
"reports/conformweb_visualizations/contract_pack/20260517/combined/homefix_hub/tier_c/scenarios.private.dsl.yaml","reports/conformweb_visualizations/contract_pack/20260517/combined/homefix_hub/tier_c/scenarios.private.dsl.yaml",27056,"combined contract/scenario pack"
"reports/conformweb_visualizations/contract_pack/20260517/combined/homefix_hub/tier_c/scenarios.public.dsl.yaml","reports/conformweb_visualizations/contract_pack/20260517/combined/homefix_hub/tier_c/scenarios.public.dsl.yaml",12380,"combined contract/scenario pack"
"reports/conformweb_visualizations/contract_pack/20260517/combined/homefix_hub/tier_d/contract.dsl.yaml","reports/conformweb_visualizations/contract_pack/20260517/combined/homefix_hub/tier_d/contract.dsl.yaml",36524,"combined contract/scenario pack"
"reports/conformweb_visualizations/contract_pack/20260517/combined/homefix_hub/tier_d/scenarios.private.dsl.yaml","reports/conformweb_visualizations/contract_pack/20260517/combined/homefix_hub/tier_d/scenarios.private.dsl.yaml",53348,"combined contract/scenario pack"
"reports/conformweb_visualizations/contract_pack/20260517/combined/homefix_hub/tier_d/scenarios.public.dsl.yaml","reports/conformweb_visualizations/contract_pack/20260517/combined/homefix_hub/tier_d/scenarios.public.dsl.yaml",10661,"combined contract/scenario pack"
"reports/conformweb_visualizations/contract_pack/20260517/combined/manifest.csv","reports/conformweb_visualizations/contract_pack/20260517/combined/manifest.csv",17203,"combined contract/scenario pack"
"reports/conformweb_visualizations/contract_pack/20260517/combined/media_campaign_launch_desk/tier_a/contract.dsl.yaml","reports/conformweb_visualizations/contract_pack/20260517/combined/media_campaign_launch_desk/tier_a/contract.dsl.yaml",19901,"combined contract/scenario pack"
"reports/conformweb_visualizations/contract_pack/20260517/combined/media_campaign_launch_desk/tier_a/scenarios.private.dsl.yaml","reports/conformweb_visualizations/contract_pack/20260517/combined/media_campaign_launch_desk/tier_a/scenarios.private.dsl.yaml",5023,"combined contract/scenario pack"
"reports/conformweb_visualizations/contract_pack/20260517/combined/media_campaign_launch_desk/tier_a/scenarios.public.dsl.yaml","reports/conformweb_visualizations/contract_pack/20260517/combined/media_campaign_launch_desk/tier_a/scenarios.public.dsl.yaml",6703,"combined contract/scenario pack"
"reports/conformweb_visualizations/contract_pack/20260517/combined/media_campaign_launch_desk/tier_b/contract.dsl.yaml","reports/conformweb_visualizations/contract_pack/20260517/combined/media_campaign_launch_desk/tier_b/contract.dsl.yaml",26442,"combined contract/scenario pack"
"reports/conformweb_visualizations/contract_pack/20260517/combined/media_campaign_launch_desk/tier_b/scenarios.public.dsl.yaml","reports/conformweb_visualizations/contract_pack/20260517/combined/media_campaign_launch_desk/tier_b/scenarios.public.dsl.yaml",11288,"combined contract/scenario pack"
"reports/conformweb_visualizations/contract_pack/20260517/combined/media_campaign_launch_desk/tier_c/contract.dsl.yaml","reports/conformweb_visualizations/contract_pack/20260517/combined/media_campaign_launch_desk/tier_c/contract.dsl.yaml",32653,"combined contract/scenario pack"
"reports/conformweb_visualizations/contract_pack/20260517/combined/media_campaign_launch_desk/tier_c/scenarios.private.dsl.yaml","reports/conformweb_visualizations/contract_pack/20260517/combined/media_campaign_launch_desk/tier_c/scenarios.private.dsl.yaml",17395,"combined contract/scenario pack"
"reports/conformweb_visualizations/contract_pack/20260517/combined/media_campaign_launch_desk/tier_c/scenarios.public.dsl.yaml","reports/conformweb_visualizations/contract_pack/20260517/combined/media_campaign_launch_desk/tier_c/scenarios.public.dsl.yaml",24318,"combined contract/scenario pack"
"reports/conformweb_visualizations/contract_pack/20260517/combined/media_campaign_launch_desk/tier_d/contract.dsl.yaml","reports/conformweb_visualizations/contract_pack/20260517/combined/media_campaign_launch_desk/tier_d/contract.dsl.yaml",48537,"combined contract/scenario pack"
"reports/conformweb_visualizations/contract_pack/20260517/combined/media_campaign_launch_desk/tier_d/scenarios.private.dsl.yaml","reports/conformweb_visualizations/contract_pack/20260517/combined/media_campaign_launch_desk/tier_d/scenarios.private.dsl.yaml",37410,"combined contract/scenario pack"
"reports/conformweb_visualizations/contract_pack/20260517/combined/media_campaign_launch_desk/tier_d/scenarios.public.dsl.yaml","reports/conformweb_visualizations/contract_pack/20260517/combined/media_campaign_launch_desk/tier_d/scenarios.public.dsl.yaml",23758,"combined contract/scenario pack"
"reports/conformweb_visualizations/contract_pack/20260517/combined/stayflow_concierge/tier_a/contract.dsl.yaml","reports/conformweb_visualizations/contract_pack/20260517/combined/stayflow_concierge/tier_a/contract.dsl.yaml",24244,"combined contract/scenario pack"
"reports/conformweb_visualizations/contract_pack/20260517/combined/stayflow_concierge/tier_a/scenarios.private.dsl.yaml","reports/conformweb_visualizations/contract_pack/20260517/combined/stayflow_concierge/tier_a/scenarios.private.dsl.yaml",10750,"combined contract/scenario pack"
"reports/conformweb_visualizations/contract_pack/20260517/combined/stayflow_concierge/tier_a/scenarios.public.dsl.yaml","reports/conformweb_visualizations/contract_pack/20260517/combined/stayflow_concierge/tier_a/scenarios.public.dsl.yaml",2699,"combined contract/scenario pack"
"reports/conformweb_visualizations/contract_pack/20260517/combined/stayflow_concierge/tier_b/contract.dsl.yaml","reports/conformweb_visualizations/contract_pack/20260517/combined/stayflow_concierge/tier_b/contract.dsl.yaml",31563,"combined contract/scenario pack"
"reports/conformweb_visualizations/contract_pack/20260517/combined/stayflow_concierge/tier_b/scenarios.private.dsl.yaml","reports/conformweb_visualizations/contract_pack/20260517/combined/stayflow_concierge/tier_b/scenarios.private.dsl.yaml",13823,"combined contract/scenario pack"
"reports/conformweb_visualizations/contract_pack/20260517/combined/stayflow_concierge/tier_b/scenarios.public.dsl.yaml","reports/conformweb_visualizations/contract_pack/20260517/combined/stayflow_concierge/tier_b/scenarios.public.dsl.yaml",8895,"combined contract/scenario pack"
"reports/conformweb_visualizations/contract_pack/20260517/combined/stayflow_concierge/tier_c/contract.dsl.yaml","reports/conformweb_visualizations/contract_pack/20260517/combined/stayflow_concierge/tier_c/contract.dsl.yaml",40073,"combined contract/scenario pack"
"reports/conformweb_visualizations/contract_pack/20260517/combined/stayflow_concierge/tier_c/scenarios.private.dsl.yaml","reports/conformweb_visualizations/contract_pack/20260517/combined/stayflow_concierge/tier_c/scenarios.private.dsl.yaml",12826,"combined contract/scenario pack"
"reports/conformweb_visualizations/contract_pack/20260517/combined/stayflow_concierge/tier_c/scenarios.public.dsl.yaml","reports/conformweb_visualizations/contract_pack/20260517/combined/stayflow_concierge/tier_c/scenarios.public.dsl.yaml",12305,"combined contract/scenario pack"
"reports/conformweb_visualizations/contract_pack/20260517/combined/stayflow_concierge/tier_d/contract.dsl.yaml","reports/conformweb_visualizations/contract_pack/20260517/combined/stayflow_concierge/tier_d/contract.dsl.yaml",45331,"combined contract/scenario pack"
"reports/conformweb_visualizations/contract_pack/20260517/combined/stayflow_concierge/tier_d/scenarios.private.dsl.yaml","reports/conformweb_visualizations/contract_pack/20260517/combined/stayflow_concierge/tier_d/scenarios.private.dsl.yaml",16175,"combined contract/scenario pack"
"reports/conformweb_visualizations/contract_pack/20260517/combined/stayflow_concierge/tier_d/scenarios.public.dsl.yaml","reports/conformweb_visualizations/contract_pack/20260517/combined/stayflow_concierge/tier_d/scenarios.public.dsl.yaml",13039,"combined contract/scenario pack"
"reports/conformweb_visualizations/contract_pack/20260517/manifest.csv","reports/conformweb_visualizations/contract_pack/20260517/manifest.csv",17203,"contract language spec / contract pack manifest"
"reports/conformweb_visualizations/contract_pack/20260517/manifest.md","reports/conformweb_visualizations/contract_pack/20260517/manifest.md",847,"contract language spec / contract pack manifest"
"reports/conformweb_visualizations/data/main_group_tier_rollup_2160.csv","reports/conformweb_visualizations/data/main_group_tier_rollup_2160.csv",6943,"final aggregate and raw trace CSVs used by figures/tables"
"reports/conformweb_visualizations/data/main_instance_model_cells_2160.csv","reports/conformweb_visualizations/data/main_instance_model_cells_2160.csv",29570,"final aggregate and raw trace CSVs used by figures/tables"
"reports/conformweb_visualizations/data/main_missing_or_excluded_runs.csv","reports/conformweb_visualizations/data/main_missing_or_excluded_runs.csv",94,"final aggregate and raw trace CSVs used by figures/tables"
"reports/conformweb_visualizations/data/main_model_rollup_complete.csv","reports/conformweb_visualizations/data/main_model_rollup_complete.csv",3556,"final aggregate and raw trace CSVs used by figures/tables"
"reports/conformweb_visualizations/data/main_model_tier_rollup_complete.csv","reports/conformweb_visualizations/data/main_model_tier_rollup_complete.csv",4870,"final aggregate and raw trace CSVs used by figures/tables"
"reports/conformweb_visualizations/data/parse_errors.csv","reports/conformweb_visualizations/data/parse_errors.csv",1,"final aggregate and raw trace CSVs used by figures/tables"
"reports/conformweb_visualizations/data/raw_capability_scores.csv","reports/conformweb_visualizations/data/raw_capability_scores.csv",11278229,"final aggregate and raw trace CSVs used by figures/tables"
"reports/conformweb_visualizations/data/raw_runs.csv","reports/conformweb_visualizations/data/raw_runs.csv",1640511,"final aggregate and raw trace CSVs used by figures/tables"
"reports/conformweb_visualizations/data/raw_scenarios.csv","reports/conformweb_visualizations/data/raw_scenarios.csv",78803909,"final aggregate and raw trace CSVs used by figures/tables"
"reports/conformweb_visualizations/data/raw_steps.csv","reports/conformweb_visualizations/data/raw_steps.csv",633830917,"final aggregate and raw trace CSVs used by figures/tables"
"reports/conformweb_visualizations/data/report_model_tier_rollups.csv","reports/conformweb_visualizations/data/report_model_tier_rollups.csv",9006,"final aggregate and raw trace CSVs used by figures/tables"
"reports/conformweb_visualizations/data/report_per_model_rollups.csv","reports/conformweb_visualizations/data/report_per_model_rollups.csv",12523,"final aggregate and raw trace CSVs used by figures/tables"
"reports/conformweb_visualizations/data/report_tier_rollups.csv","reports/conformweb_visualizations/data/report_tier_rollups.csv",3164,"final aggregate and raw trace CSVs used by figures/tables"
"reports/conformweb_visualizations/data/rerun_available_model_rollups.csv","reports/conformweb_visualizations/data/rerun_available_model_rollups.csv",11450,"final aggregate and raw trace CSVs used by figures/tables"
"reports/conformweb_visualizations/data/suite_metrics.csv","reports/conformweb_visualizations/data/suite_metrics.csv",2543,"final aggregate and raw trace CSVs used by figures/tables"
"reports/conformweb_visualizations/evidence/failure_pairs/current_raw/current_raw_failure_evidence_candidates.csv","reports/conformweb_visualizations/evidence/failure_pairs/current_raw/current_raw_failure_evidence_candidates.csv",14636167,"qualitative evidence metadata only"
"reports/conformweb_visualizations/evidence/failure_pairs/current_raw/current_raw_failure_evidence_selected.csv","reports/conformweb_visualizations/evidence/failure_pairs/current_raw/current_raw_failure_evidence_selected.csv",59771,"qualitative evidence metadata only"
"reports/conformweb_visualizations/evidence/representative_screenshots/representative_screenshots_metadata.csv","reports/conformweb_visualizations/evidence/representative_screenshots/representative_screenshots_metadata.csv",9668,"qualitative evidence metadata only"
"reports/conformweb_visualizations/figures/README.md","reports/conformweb_visualizations/figures/README.md",7222,"figure inventory"
"reports/conformweb_visualizations/figures/appendix/appendix_benchmark_complexity_map_detailed.pdf","reports/conformweb_visualizations/figures/appendix/appendix_benchmark_complexity_map_detailed.pdf",34842,"final paper figure PDF"
"reports/conformweb_visualizations/figures/appendix/appendix_contract_feature_difficulty.pdf","reports/conformweb_visualizations/figures/appendix/appendix_contract_feature_difficulty.pdf",16999,"final paper figure PDF"
"reports/conformweb_visualizations/figures/appendix/appendix_first_failure_position_histogram.pdf","reports/conformweb_visualizations/figures/appendix/appendix_first_failure_position_histogram.pdf",12276,"final paper figure PDF"
"reports/conformweb_visualizations/figures/appendix/appendix_generation_variance.pdf","reports/conformweb_visualizations/figures/appendix/appendix_generation_variance.pdf",39550,"final paper figure PDF"
"reports/conformweb_visualizations/figures/appendix/appendix_instance_heatmap.pdf","reports/conformweb_visualizations/figures/appendix/appendix_instance_heatmap.pdf",27846,"final paper figure PDF"
"reports/conformweb_visualizations/figures/appendix/appendix_public_private_reference_flow.pdf","reports/conformweb_visualizations/figures/appendix/appendix_public_private_reference_flow.pdf",16079,"final paper figure PDF"
"reports/conformweb_visualizations/figures/appendix/appendix_public_private_reference_flow_square.pdf","reports/conformweb_visualizations/figures/appendix/appendix_public_private_reference_flow_square.pdf",16062,"final paper figure PDF"
"reports/conformweb_visualizations/figures/appendix/appendix_reference_vs_generated.pdf","reports/conformweb_visualizations/figures/appendix/appendix_reference_vs_generated.pdf",25578,"final paper figure PDF"
"reports/conformweb_visualizations/figures/appendix/appendix_relation_failure_breakdown.pdf","reports/conformweb_visualizations/figures/appendix/appendix_relation_failure_breakdown.pdf",11707,"final paper figure PDF"
"reports/conformweb_visualizations/figures/appendix/appendix_scenario_split.pdf","reports/conformweb_visualizations/figures/appendix/appendix_scenario_split.pdf",16468,"final paper figure PDF"
"reports/conformweb_visualizations/figures/appendix/appendix_scenario_step_distribution.pdf","reports/conformweb_visualizations/figures/appendix/appendix_scenario_step_distribution.pdf",21230,"final paper figure PDF"
"reports/conformweb_visualizations/figures/appendix/appendix_step_vs_scenario_scatter.pdf","reports/conformweb_visualizations/figures/appendix/appendix_step_vs_scenario_scatter.pdf",28516,"final paper figure PDF"
"reports/conformweb_visualizations/figures/appendix/appendix_wrong_transition_breakdown.pdf","reports/conformweb_visualizations/figures/appendix/appendix_wrong_transition_breakdown.pdf",11783,"final paper figure PDF"
"reports/conformweb_visualizations/figures/main/figure_admissibility_conformance_gap.pdf","reports/conformweb_visualizations/figures/main/figure_admissibility_conformance_gap.pdf",22144,"final paper figure PDF"
"reports/conformweb_visualizations/figures/main/figure_benchmark_complexity_map.pdf","reports/conformweb_visualizations/figures/main/figure_benchmark_complexity_map.pdf",20125,"final paper figure PDF"
"reports/conformweb_visualizations/figures/main/figure_conformance_gap.pdf","reports/conformweb_visualizations/figures/main/figure_conformance_gap.pdf",18945,"final paper figure PDF"
"reports/conformweb_visualizations/figures/main/figure_conformance_gap_model_capability.pdf","reports/conformweb_visualizations/figures/main/figure_conformance_gap_model_capability.pdf",25714,"final paper figure PDF"
"reports/conformweb_visualizations/figures/main/figure_conformance_gap_only.pdf","reports/conformweb_visualizations/figures/main/figure_conformance_gap_only.pdf",18152,"final paper figure PDF"
"reports/conformweb_visualizations/figures/main/figure_conformance_gap_square.pdf","reports/conformweb_visualizations/figures/main/figure_conformance_gap_square.pdf",18161,"final paper figure PDF"
"reports/conformweb_visualizations/figures/main/figure_failure_taxonomy.pdf","reports/conformweb_visualizations/figures/main/figure_failure_taxonomy.pdf",21047,"final paper figure PDF"
"reports/conformweb_visualizations/figures/main/figure_private_scenario_reference_reuse.pdf","reports/conformweb_visualizations/figures/main/figure_private_scenario_reference_reuse.pdf",16806,"final paper figure PDF"
"reports/conformweb_visualizations/figures/main/figure_private_scenario_reference_reuse_vertical.pdf","reports/conformweb_visualizations/figures/main/figure_private_scenario_reference_reuse_vertical.pdf",16898,"final paper figure PDF"
"reports/conformweb_visualizations/figures/main_or_appendix/figure_complexity_ladder_heatmap.pdf","reports/conformweb_visualizations/figures/main_or_appendix/figure_complexity_ladder_heatmap.pdf",20066,"final paper figure PDF"
"reports/conformweb_visualizations/figures/main_or_appendix/figure_conformance_gap_model_capability.pdf","reports/conformweb_visualizations/figures/main_or_appendix/figure_conformance_gap_model_capability.pdf",25714,"final paper figure PDF"
"reports/conformweb_visualizations/figures/main_or_appendix/figure_conformance_gap_reference_pair.pdf","reports/conformweb_visualizations/figures/main_or_appendix/figure_conformance_gap_reference_pair.pdf",22144,"final paper figure PDF"
"reports/conformweb_visualizations/figures/main_or_appendix/figure_difficulty_scaling_curve.pdf","reports/conformweb_visualizations/figures/main_or_appendix/figure_difficulty_scaling_curve.pdf",24195,"final paper figure PDF"
"reports/conformweb_visualizations/figures/main_or_appendix/figure_long_horizon_survival.pdf","reports/conformweb_visualizations/figures/main_or_appendix/figure_long_horizon_survival.pdf",28380,"final paper figure PDF"
"reports/conformweb_visualizations/figures/main_or_appendix/figure_model_capability.pdf","reports/conformweb_visualizations/figures/main_or_appendix/figure_model_capability.pdf",21709,"final paper figure PDF"
"reports/conformweb_visualizations/main_model_rollup_report.md","reports/conformweb_visualizations/main_model_rollup_report.md",2804,"paper report / audit note"
"reports/conformweb_visualizations/paper/blind_private_pass_investigation.md","reports/conformweb_visualizations/paper/blind_private_pass_investigation.md",5191,"paper draft and analysis notes"
"reports/conformweb_visualizations/paper/blind_private_pass_raw_run_flags.csv","reports/conformweb_visualizations/paper/blind_private_pass_raw_run_flags.csv",207163,"paper draft and analysis notes"
"reports/conformweb_visualizations/paper/conformweb_protocol_main_draft.tex","reports/conformweb_visualizations/paper/conformweb_protocol_main_draft.tex",40850,"paper draft and analysis notes"
"reports/conformweb_visualizations/paper/conformweb_protocol_revision_review.md","reports/conformweb_visualizations/paper/conformweb_protocol_revision_review.md",4727,"paper draft and analysis notes"
"reports/conformweb_visualizations/private_admissibility_audit.md","reports/conformweb_visualizations/private_admissibility_audit.md",2352,"paper report / audit note"
"reports/conformweb_visualizations/rerun_update_status.md","reports/conformweb_visualizations/rerun_update_status.md",790,"paper report / audit note"
"reports/conformweb_visualizations/tables/appendix_benchmark_inventory.csv","reports/conformweb_visualizations/tables/appendix_benchmark_inventory.csv",3152,"paper table source data and LaTeX tables"
"reports/conformweb_visualizations/tables/appendix_benchmark_inventory.tex","reports/conformweb_visualizations/tables/appendix_benchmark_inventory.tex",3764,"paper table source data and LaTeX tables"
"reports/conformweb_visualizations/tables/appendix_excluded_runs.csv","reports/conformweb_visualizations/tables/appendix_excluded_runs.csv",88,"paper table source data and LaTeX tables"
"reports/conformweb_visualizations/tables/appendix_excluded_runs.tex","reports/conformweb_visualizations/tables/appendix_excluded_runs.tex",169,"paper table source data and LaTeX tables"
"reports/conformweb_visualizations/tables/appendix_reference_validation.tex","reports/conformweb_visualizations/tables/appendix_reference_validation.tex",2160,"paper table source data and LaTeX tables"
"reports/conformweb_visualizations/tables/figure_source_data_conformance_model_difficulty.csv","reports/conformweb_visualizations/tables/figure_source_data_conformance_model_difficulty.csv",413431,"paper table source data and LaTeX tables"
"reports/conformweb_visualizations/tables/private_admissibility_audit.csv","reports/conformweb_visualizations/tables/private_admissibility_audit.csv",7419,"paper table source data and LaTeX tables"
"reports/conformweb_visualizations/tables/private_admissibility_audit.tex","reports/conformweb_visualizations/tables/private_admissibility_audit.tex",1853,"paper table source data and LaTeX tables"
"reports/conformweb_visualizations/tables/private_admissibility_matrix.tex","reports/conformweb_visualizations/tables/private_admissibility_matrix.tex",1279,"paper table source data and LaTeX tables"
"reports/conformweb_visualizations/tables/private_admissibility_summary.tex","reports/conformweb_visualizations/tables/private_admissibility_summary.tex",477,"paper table source data and LaTeX tables"
"reports/conformweb_visualizations/tables/private_reference_coverage.csv","reports/conformweb_visualizations/tables/private_reference_coverage.csv",13428,"paper table source data and LaTeX tables"
"reports/conformweb_visualizations/tables/private_scenario_admissibility.csv","reports/conformweb_visualizations/tables/private_scenario_admissibility.csv",97092,"paper table source data and LaTeX tables"
"reports/conformweb_visualizations/validation_report.md","reports/conformweb_visualizations/validation_report.md",1569,"paper report / audit note"
"tables/main_model_tier_conformance.tex","tables/main_model_tier_conformance.tex",3031,"main-paper model-tier table"
"targets/web/README.md","targets/web/README.md",2091,"target contract/scenario/evaluation metadata"
"targets/web/campus_registrar_command/README.md","targets/web/campus_registrar_command/README.md",1326,"target contract/scenario/evaluation metadata"
"targets/web/campus_registrar_command/cohorts/_batches/rerun_missing_20260525T122900Z/README.md","targets/web/campus_registrar_command/cohorts/_batches/rerun_missing_20260525T122900Z/README.md",788,"target contract/scenario/evaluation metadata"
"targets/web/campus_registrar_command/cohorts/_batches/rerun_missing_20260525T122900Z/aggregate.json","targets/web/campus_registrar_command/cohorts/_batches/rerun_missing_20260525T122900Z/aggregate.json",12739,"batch-level generation/evaluation metadata"
"targets/web/campus_registrar_command/cohorts/_batches/rerun_missing_20260525T122900Z/manifest.json","targets/web/campus_registrar_command/cohorts/_batches/rerun_missing_20260525T122900Z/manifest.json",15668,"batch-level generation/evaluation metadata"
"targets/web/campus_registrar_command/cohorts/_batches/rerun_missing_20260525T122900Z/progress.jsonl","targets/web/campus_registrar_command/cohorts/_batches/rerun_missing_20260525T122900Z/progress.jsonl",719908,"batch-level generation/evaluation metadata"
"targets/web/campus_registrar_command/cohorts/_batches/rerun_missing_gemini_20260525T132231Z/README.md","targets/web/campus_registrar_command/cohorts/_batches/rerun_missing_gemini_20260525T132231Z/README.md",1640,"target contract/scenario/evaluation metadata"
"targets/web/campus_registrar_command/cohorts/_batches/rerun_missing_gemini_20260525T132231Z/aggregate.json","targets/web/campus_registrar_command/cohorts/_batches/rerun_missing_gemini_20260525T132231Z/aggregate.json",54419,"batch-level generation/evaluation metadata"
"targets/web/campus_registrar_command/cohorts/_batches/rerun_missing_gemini_20260525T132231Z/manifest.json","targets/web/campus_registrar_command/cohorts/_batches/rerun_missing_gemini_20260525T132231Z/manifest.json",65138,"batch-level generation/evaluation metadata"
"targets/web/campus_registrar_command/cohorts/_batches/rerun_missing_gemini_20260525T132231Z/progress.jsonl","targets/web/campus_registrar_command/cohorts/_batches/rerun_missing_gemini_20260525T132231Z/progress.jsonl",267248,"batch-level generation/evaluation metadata"
"targets/web/campus_registrar_command/evaluation_report.md","targets/web/campus_registrar_command/evaluation_report.md",8646,"target contract/scenario/evaluation metadata"
"targets/web/campus_registrar_command/tier_a/README.md","targets/web/campus_registrar_command/tier_a/README.md",795,"target contract/scenario/evaluation metadata"
"targets/web/campus_registrar_command/tier_a/contract.dsl.yaml","targets/web/campus_registrar_command/tier_a/contract.dsl.yaml",20116,"target contract/scenario/evaluation metadata"
"targets/web/campus_registrar_command/tier_a/reference_app/index.html","targets/web/campus_registrar_command/tier_a/reference_app/index.html",17285,"reference implementation source"
"targets/web/campus_registrar_command/tier_a/scenarios.private.dsl.yaml","targets/web/campus_registrar_command/tier_a/scenarios.private.dsl.yaml",4437,"target contract/scenario/evaluation metadata"
"targets/web/campus_registrar_command/tier_a/scenarios.public.dsl.yaml","targets/web/campus_registrar_command/tier_a/scenarios.public.dsl.yaml",6336,"target contract/scenario/evaluation metadata"
"targets/web/campus_registrar_command/tier_b/README.md","targets/web/campus_registrar_command/tier_b/README.md",838,"target contract/scenario/evaluation metadata"
"targets/web/campus_registrar_command/tier_b/contract.dsl.yaml","targets/web/campus_registrar_command/tier_b/contract.dsl.yaml",32275,"target contract/scenario/evaluation metadata"
"targets/web/campus_registrar_command/tier_b/reference_app/index.html","targets/web/campus_registrar_command/tier_b/reference_app/index.html",25236,"reference implementation source"
"targets/web/campus_registrar_command/tier_b/scenarios.public.dsl.yaml","targets/web/campus_registrar_command/tier_b/scenarios.public.dsl.yaml",9587,"target contract/scenario/evaluation metadata"
"targets/web/campus_registrar_command/tier_c/README.md","targets/web/campus_registrar_command/tier_c/README.md",1563,"target contract/scenario/evaluation metadata"
"targets/web/campus_registrar_command/tier_c/contract.dsl.yaml","targets/web/campus_registrar_command/tier_c/contract.dsl.yaml",49798,"target contract/scenario/evaluation metadata"
"targets/web/campus_registrar_command/tier_c/reference_app/index.html","targets/web/campus_registrar_command/tier_c/reference_app/index.html",37027,"reference implementation source"
"targets/web/campus_registrar_command/tier_c/scenarios.private.dsl.yaml","targets/web/campus_registrar_command/tier_c/scenarios.private.dsl.yaml",26568,"target contract/scenario/evaluation metadata"
"targets/web/campus_registrar_command/tier_c/scenarios.public.dsl.yaml","targets/web/campus_registrar_command/tier_c/scenarios.public.dsl.yaml",19493,"target contract/scenario/evaluation metadata"
"targets/web/campus_registrar_command/tier_d/README.md","targets/web/campus_registrar_command/tier_d/README.md",1802,"target contract/scenario/evaluation metadata"
"targets/web/campus_registrar_command/tier_d/contract.dsl.yaml","targets/web/campus_registrar_command/tier_d/contract.dsl.yaml",59831,"target contract/scenario/evaluation metadata"
"targets/web/campus_registrar_command/tier_d/reference_app/index.html","targets/web/campus_registrar_command/tier_d/reference_app/index.html",41532,"reference implementation source"
"targets/web/campus_registrar_command/tier_d/scenarios.private.dsl.yaml","targets/web/campus_registrar_command/tier_d/scenarios.private.dsl.yaml",19841,"target contract/scenario/evaluation metadata"
"targets/web/campus_registrar_command/tier_d/scenarios.public.dsl.yaml","targets/web/campus_registrar_command/tier_d/scenarios.public.dsl.yaml",26942,"target contract/scenario/evaluation metadata"
"targets/web/clinic_shift_command/README.md","targets/web/clinic_shift_command/README.md",1094,"target contract/scenario/evaluation metadata"
"targets/web/clinic_shift_command/evaluation_report.md","targets/web/clinic_shift_command/evaluation_report.md",2467,"target contract/scenario/evaluation metadata"
"targets/web/clinic_shift_command/tier_a/cohorts/_batches/20260513T003251Z_clinic_tiera_mtf_10x/aggregate.json","targets/web/clinic_shift_command/tier_a/cohorts/_batches/20260513T003251Z_clinic_tiera_mtf_10x/aggregate.json",5035,"batch-level generation/evaluation metadata"
"targets/web/clinic_shift_command/tier_a/cohorts/_batches/20260513T003251Z_clinic_tiera_mtf_10x/manifest.json","targets/web/clinic_shift_command/tier_a/cohorts/_batches/20260513T003251Z_clinic_tiera_mtf_10x/manifest.json",221364,"batch-level generation/evaluation metadata"
"targets/web/clinic_shift_command/tier_a/cohorts/_batches/20260513T003251Z_clinic_tiera_mtf_10x/progress.jsonl","targets/web/clinic_shift_command/tier_a/cohorts/_batches/20260513T003251Z_clinic_tiera_mtf_10x/progress.jsonl",581876,"batch-level generation/evaluation metadata"
"targets/web/clinic_shift_command/tier_b/README.md","targets/web/clinic_shift_command/tier_b/README.md",1829,"target contract/scenario/evaluation metadata"
"targets/web/clinic_shift_command/tier_b/cohorts/_batches/20260513T013205Z_clinic_tierb_mtf_10x/aggregate.json","targets/web/clinic_shift_command/tier_b/cohorts/_batches/20260513T013205Z_clinic_tierb_mtf_10x/aggregate.json",4903,"batch-level generation/evaluation metadata"
"targets/web/clinic_shift_command/tier_b/cohorts/_batches/20260513T013205Z_clinic_tierb_mtf_10x/manifest.json","targets/web/clinic_shift_command/tier_b/cohorts/_batches/20260513T013205Z_clinic_tierb_mtf_10x/manifest.json",235584,"batch-level generation/evaluation metadata"
"targets/web/clinic_shift_command/tier_b/cohorts/_batches/20260513T013205Z_clinic_tierb_mtf_10x/progress.jsonl","targets/web/clinic_shift_command/tier_b/cohorts/_batches/20260513T013205Z_clinic_tierb_mtf_10x/progress.jsonl",611542,"batch-level generation/evaluation metadata"
"targets/web/clinic_shift_command/tier_b/cohorts/_batches/20260513T022902Z_clinic_tierb_plus_mtf_10x/aggregate.json","targets/web/clinic_shift_command/tier_b/cohorts/_batches/20260513T022902Z_clinic_tierb_plus_mtf_10x/aggregate.json",5016,"batch-level generation/evaluation metadata"
"targets/web/clinic_shift_command/tier_b/cohorts/_batches/20260513T022902Z_clinic_tierb_plus_mtf_10x/manifest.json","targets/web/clinic_shift_command/tier_b/cohorts/_batches/20260513T022902Z_clinic_tierb_plus_mtf_10x/manifest.json",253229,"batch-level generation/evaluation metadata"
"targets/web/clinic_shift_command/tier_b/cohorts/_batches/20260513T022902Z_clinic_tierb_plus_mtf_10x/progress.jsonl","targets/web/clinic_shift_command/tier_b/cohorts/_batches/20260513T022902Z_clinic_tierb_plus_mtf_10x/progress.jsonl",669438,"batch-level generation/evaluation metadata"
"targets/web/clinic_shift_command/tier_b/contract.dsl.yaml","targets/web/clinic_shift_command/tier_b/contract.dsl.yaml",40928,"target contract/scenario/evaluation metadata"
"targets/web/clinic_shift_command/tier_b/reference_app/index.html","targets/web/clinic_shift_command/tier_b/reference_app/index.html",35958,"reference implementation source"
"targets/web/clinic_shift_command/tier_b/scenarios.private.dsl.yaml","targets/web/clinic_shift_command/tier_b/scenarios.private.dsl.yaml",16422,"target contract/scenario/evaluation metadata"
"targets/web/clinic_shift_command/tier_b/scenarios.public.dsl.yaml","targets/web/clinic_shift_command/tier_b/scenarios.public.dsl.yaml",7655,"target contract/scenario/evaluation metadata"
"targets/web/clinic_shift_command/tier_c/README.md","targets/web/clinic_shift_command/tier_c/README.md",2058,"target contract/scenario/evaluation metadata"
"targets/web/clinic_shift_command/tier_c/cohorts/_batches/20260513T043239Z_clinic_tierc_mtf_10x/aggregate.json","targets/web/clinic_shift_command/tier_c/cohorts/_batches/20260513T043239Z_clinic_tierc_mtf_10x/aggregate.json",4935,"batch-level generation/evaluation metadata"
"targets/web/clinic_shift_command/tier_c/cohorts/_batches/20260513T043239Z_clinic_tierc_mtf_10x/manifest.json","targets/web/clinic_shift_command/tier_c/cohorts/_batches/20260513T043239Z_clinic_tierc_mtf_10x/manifest.json",295884,"batch-level generation/evaluation metadata"
"targets/web/clinic_shift_command/tier_c/cohorts/_batches/20260513T043239Z_clinic_tierc_mtf_10x/progress.jsonl","targets/web/clinic_shift_command/tier_c/cohorts/_batches/20260513T043239Z_clinic_tierc_mtf_10x/progress.jsonl",736455,"batch-level generation/evaluation metadata"
"targets/web/clinic_shift_command/tier_c/cohorts/_batches/20260513T060915Z_clinic_tierc_hardened_mtf_10x/aggregate.json","targets/web/clinic_shift_command/tier_c/cohorts/_batches/20260513T060915Z_clinic_tierc_hardened_mtf_10x/aggregate.json",4922,"batch-level generation/evaluation metadata"
"targets/web/clinic_shift_command/tier_c/cohorts/_batches/20260513T060915Z_clinic_tierc_hardened_mtf_10x/manifest.json","targets/web/clinic_shift_command/tier_c/cohorts/_batches/20260513T060915Z_clinic_tierc_hardened_mtf_10x/manifest.json",350883,"batch-level generation/evaluation metadata"
"targets/web/clinic_shift_command/tier_c/cohorts/_batches/20260513T060915Z_clinic_tierc_hardened_mtf_10x/progress.jsonl","targets/web/clinic_shift_command/tier_c/cohorts/_batches/20260513T060915Z_clinic_tierc_hardened_mtf_10x/progress.jsonl",847347,"batch-level generation/evaluation metadata"
"targets/web/clinic_shift_command/tier_c/cohorts/_batches/20260513T072758Z_clinic_tierc_readiness_mtf_10x/aggregate.json","targets/web/clinic_shift_command/tier_c/cohorts/_batches/20260513T072758Z_clinic_tierc_readiness_mtf_10x/aggregate.json",4957,"batch-level generation/evaluation metadata"
"targets/web/clinic_shift_command/tier_c/cohorts/_batches/20260513T072758Z_clinic_tierc_readiness_mtf_10x/manifest.json","targets/web/clinic_shift_command/tier_c/cohorts/_batches/20260513T072758Z_clinic_tierc_readiness_mtf_10x/manifest.json",369604,"batch-level generation/evaluation metadata"
"targets/web/clinic_shift_command/tier_c/cohorts/_batches/20260513T072758Z_clinic_tierc_readiness_mtf_10x/progress.jsonl","targets/web/clinic_shift_command/tier_c/cohorts/_batches/20260513T072758Z_clinic_tierc_readiness_mtf_10x/progress.jsonl",887755,"batch-level generation/evaluation metadata"
"targets/web/clinic_shift_command/tier_c/contract.dsl.yaml","targets/web/clinic_shift_command/tier_c/contract.dsl.yaml",70401,"target contract/scenario/evaluation metadata"
"targets/web/clinic_shift_command/tier_c/reference_app/index.html","targets/web/clinic_shift_command/tier_c/reference_app/index.html",66373,"reference implementation source"
"targets/web/clinic_shift_command/tier_c/scenarios.private.dsl.yaml","targets/web/clinic_shift_command/tier_c/scenarios.private.dsl.yaml",37812,"target contract/scenario/evaluation metadata"
"targets/web/clinic_shift_command/tier_c/scenarios.public.dsl.yaml","targets/web/clinic_shift_command/tier_c/scenarios.public.dsl.yaml",14760,"target contract/scenario/evaluation metadata"
"targets/web/clinic_shift_command/tier_d/README.md","targets/web/clinic_shift_command/tier_d/README.md",1108,"target contract/scenario/evaluation metadata"
"targets/web/clinic_shift_command/tier_d/cohorts/_batches/rerun_missing_gemini_20260525T132231Z/aggregate.json","targets/web/clinic_shift_command/tier_d/cohorts/_batches/rerun_missing_gemini_20260525T132231Z/aggregate.json",2455,"batch-level generation/evaluation metadata"
"targets/web/clinic_shift_command/tier_d/cohorts/_batches/rerun_missing_gemini_20260525T132231Z/manifest.json","targets/web/clinic_shift_command/tier_d/cohorts/_batches/rerun_missing_gemini_20260525T132231Z/manifest.json",133078,"batch-level generation/evaluation metadata"
"targets/web/clinic_shift_command/tier_d/cohorts/_batches/rerun_missing_gemini_20260525T132231Z/progress.jsonl","targets/web/clinic_shift_command/tier_d/cohorts/_batches/rerun_missing_gemini_20260525T132231Z/progress.jsonl",304355,"batch-level generation/evaluation metadata"
"targets/web/clinic_shift_command/tier_d/cohorts/_batches/rerun_missing_nongemini_20260525T171016Z/aggregate.json","targets/web/clinic_shift_command/tier_d/cohorts/_batches/rerun_missing_nongemini_20260525T171016Z/aggregate.json",3783,"batch-level generation/evaluation metadata"
"targets/web/clinic_shift_command/tier_d/cohorts/_batches/rerun_missing_nongemini_20260525T171016Z/manifest.json","targets/web/clinic_shift_command/tier_d/cohorts/_batches/rerun_missing_nongemini_20260525T171016Z/manifest.json",44741,"batch-level generation/evaluation metadata"
"targets/web/clinic_shift_command/tier_d/cohorts/_batches/rerun_missing_nongemini_20260525T171016Z/progress.jsonl","targets/web/clinic_shift_command/tier_d/cohorts/_batches/rerun_missing_nongemini_20260525T171016Z/progress.jsonl",675512,"batch-level generation/evaluation metadata"
"targets/web/clinic_shift_command/tier_d/contract.dsl.yaml","targets/web/clinic_shift_command/tier_d/contract.dsl.yaml",75215,"target contract/scenario/evaluation metadata"
"targets/web/clinic_shift_command/tier_d/reference_app/index.html","targets/web/clinic_shift_command/tier_d/reference_app/index.html",70441,"reference implementation source"
"targets/web/clinic_shift_command/tier_d/scenarios.private.dsl.yaml","targets/web/clinic_shift_command/tier_d/scenarios.private.dsl.yaml",46802,"target contract/scenario/evaluation metadata"
"targets/web/clinic_shift_command/tier_d/scenarios.public.dsl.yaml","targets/web/clinic_shift_command/tier_d/scenarios.public.dsl.yaml",15538,"target contract/scenario/evaluation metadata"
"targets/web/freshcart_market/README.md","targets/web/freshcart_market/README.md",809,"target contract/scenario/evaluation metadata"
"targets/web/freshcart_market/evaluation_report.md","targets/web/freshcart_market/evaluation_report.md",2588,"target contract/scenario/evaluation metadata"
"targets/web/freshcart_market/tier_a/README.md","targets/web/freshcart_market/tier_a/README.md",484,"target contract/scenario/evaluation metadata"
"targets/web/freshcart_market/tier_a/cohorts/_batches/20260511T180907Z/README.md","targets/web/freshcart_market/tier_a/cohorts/_batches/20260511T180907Z/README.md",1022,"target contract/scenario/evaluation metadata"
"targets/web/freshcart_market/tier_a/cohorts/_batches/20260511T180907Z/aggregate.json","targets/web/freshcart_market/tier_a/cohorts/_batches/20260511T180907Z/aggregate.json",3953,"batch-level generation/evaluation metadata"
"targets/web/freshcart_market/tier_a/cohorts/_batches/20260511T180907Z/manifest.json","targets/web/freshcart_market/tier_a/cohorts/_batches/20260511T180907Z/manifest.json",53325,"batch-level generation/evaluation metadata"
"targets/web/freshcart_market/tier_a/cohorts/_batches/20260511T180907Z/progress.jsonl","targets/web/freshcart_market/tier_a/cohorts/_batches/20260511T180907Z/progress.jsonl",534055,"batch-level generation/evaluation metadata"
"targets/web/freshcart_market/tier_a/contract.dsl.yaml","targets/web/freshcart_market/tier_a/contract.dsl.yaml",22921,"target contract/scenario/evaluation metadata"
"targets/web/freshcart_market/tier_a/reference_app/index.html","targets/web/freshcart_market/tier_a/reference_app/index.html",28119,"reference implementation source"
"targets/web/freshcart_market/tier_a/scenarios.private.dsl.yaml","targets/web/freshcart_market/tier_a/scenarios.private.dsl.yaml",10980,"target contract/scenario/evaluation metadata"
"targets/web/freshcart_market/tier_a/scenarios.public.dsl.yaml","targets/web/freshcart_market/tier_a/scenarios.public.dsl.yaml",2746,"target contract/scenario/evaluation metadata"
"targets/web/freshcart_market/tier_b/README.md","targets/web/freshcart_market/tier_b/README.md",511,"target contract/scenario/evaluation metadata"
"targets/web/freshcart_market/tier_b/cohorts/_batches/20260512T001651Z/aggregate.json","targets/web/freshcart_market/tier_b/cohorts/_batches/20260512T001651Z/aggregate.json",1218,"batch-level generation/evaluation metadata"
"targets/web/freshcart_market/tier_b/cohorts/_batches/20260512T001651Z/manifest.json","targets/web/freshcart_market/tier_b/cohorts/_batches/20260512T001651Z/manifest.json",56508,"batch-level generation/evaluation metadata"
"targets/web/freshcart_market/tier_b/cohorts/_batches/20260512T001651Z/progress.jsonl","targets/web/freshcart_market/tier_b/cohorts/_batches/20260512T001651Z/progress.jsonl",145269,"batch-level generation/evaluation metadata"
"targets/web/freshcart_market/tier_b/cohorts/_batches/20260512T012559Z_redesign_partial/aggregate.json","targets/web/freshcart_market/tier_b/cohorts/_batches/20260512T012559Z_redesign_partial/aggregate.json",850,"batch-level generation/evaluation metadata"
"targets/web/freshcart_market/tier_b/cohorts/_batches/20260512T012559Z_redesign_partial/manifest.json","targets/web/freshcart_market/tier_b/cohorts/_batches/20260512T012559Z_redesign_partial/manifest.json",71178,"batch-level generation/evaluation metadata"
"targets/web/freshcart_market/tier_b/cohorts/_batches/20260512T012559Z_redesign_partial/progress.jsonl","targets/web/freshcart_market/tier_b/cohorts/_batches/20260512T012559Z_redesign_partial/progress.jsonl",152944,"batch-level generation/evaluation metadata"
"targets/web/freshcart_market/tier_b/cohorts/_batches/20260512T015752Z_redesign/aggregate.json","targets/web/freshcart_market/tier_b/cohorts/_batches/20260512T015752Z_redesign/aggregate.json",1221,"batch-level generation/evaluation metadata"
"targets/web/freshcart_market/tier_b/cohorts/_batches/20260512T015752Z_redesign/manifest.json","targets/web/freshcart_market/tier_b/cohorts/_batches/20260512T015752Z_redesign/manifest.json",71178,"batch-level generation/evaluation metadata"
"targets/web/freshcart_market/tier_b/cohorts/_batches/20260512T015752Z_redesign/progress.jsonl","targets/web/freshcart_market/tier_b/cohorts/_batches/20260512T015752Z_redesign/progress.jsonl",177098,"batch-level generation/evaluation metadata"
"targets/web/freshcart_market/tier_b/cohorts/_batches/20260512T025450Z/aggregate.json","targets/web/freshcart_market/tier_b/cohorts/_batches/20260512T025450Z/aggregate.json",2965,"batch-level generation/evaluation metadata"
"targets/web/freshcart_market/tier_b/cohorts/_batches/20260512T025450Z/manifest.json","targets/web/freshcart_market/tier_b/cohorts/_batches/20260512T025450Z/manifest.json",141272,"batch-level generation/evaluation metadata"
"targets/web/freshcart_market/tier_b/cohorts/_batches/20260512T025450Z/progress.jsonl","targets/web/freshcart_market/tier_b/cohorts/_batches/20260512T025450Z/progress.jsonl",358200,"batch-level generation/evaluation metadata"
"targets/web/freshcart_market/tier_b/contract.dsl.yaml","targets/web/freshcart_market/tier_b/contract.dsl.yaml",39551,"target contract/scenario/evaluation metadata"
"targets/web/freshcart_market/tier_b/reference_app/index.html","targets/web/freshcart_market/tier_b/reference_app/index.html",34188,"reference implementation source"
"targets/web/freshcart_market/tier_b/scenarios.private.dsl.yaml","targets/web/freshcart_market/tier_b/scenarios.private.dsl.yaml",17413,"target contract/scenario/evaluation metadata"
"targets/web/freshcart_market/tier_b/scenarios.public.dsl.yaml","targets/web/freshcart_market/tier_b/scenarios.public.dsl.yaml",3170,"target contract/scenario/evaluation metadata"
"targets/web/freshcart_market/tier_c/README.md","targets/web/freshcart_market/tier_c/README.md",912,"target contract/scenario/evaluation metadata"
"targets/web/freshcart_market/tier_c/cohorts/_batches/20260512T145000Z_tierc_mtf_10x/manifest.json","targets/web/freshcart_market/tier_c/cohorts/_batches/20260512T145000Z_tierc_mtf_10x/manifest.json",211081,"batch-level generation/evaluation metadata"
"targets/web/freshcart_market/tier_c/cohorts/_batches/20260512T145000Z_tierc_mtf_10x/progress.jsonl","targets/web/freshcart_market/tier_c/cohorts/_batches/20260512T145000Z_tierc_mtf_10x/progress.jsonl",187589,"batch-level generation/evaluation metadata"
"targets/web/freshcart_market/tier_c/cohorts/_batches/20260512T152227Z_tierc_mtf_10x_genairc/aggregate.json","targets/web/freshcart_market/tier_c/cohorts/_batches/20260512T152227Z_tierc_mtf_10x_genairc/aggregate.json",5061,"batch-level generation/evaluation metadata"
"targets/web/freshcart_market/tier_c/cohorts/_batches/20260512T152227Z_tierc_mtf_10x_genairc/manifest.json","targets/web/freshcart_market/tier_c/cohorts/_batches/20260512T152227Z_tierc_mtf_10x_genairc/manifest.json",212529,"batch-level generation/evaluation metadata"
"targets/web/freshcart_market/tier_c/cohorts/_batches/20260512T152227Z_tierc_mtf_10x_genairc/progress.jsonl","targets/web/freshcart_market/tier_c/cohorts/_batches/20260512T152227Z_tierc_mtf_10x_genairc/progress.jsonl",565981,"batch-level generation/evaluation metadata"
"targets/web/freshcart_market/tier_c/contract.dsl.yaml","targets/web/freshcart_market/tier_c/contract.dsl.yaml",59408,"target contract/scenario/evaluation metadata"
"targets/web/freshcart_market/tier_c/reference_app/index.html","targets/web/freshcart_market/tier_c/reference_app/index.html",35616,"reference implementation source"
"targets/web/freshcart_market/tier_c/scenarios.private.dsl.yaml","targets/web/freshcart_market/tier_c/scenarios.private.dsl.yaml",16384,"target contract/scenario/evaluation metadata"
"targets/web/freshcart_market/tier_c/scenarios.public.dsl.yaml","targets/web/freshcart_market/tier_c/scenarios.public.dsl.yaml",5492,"target contract/scenario/evaluation metadata"
"targets/web/freshcart_market/tier_d/README.md","targets/web/freshcart_market/tier_d/README.md",1040,"target contract/scenario/evaluation metadata"
"targets/web/freshcart_market/tier_d/cohorts/_batches/rerun_missing_gemini_20260525T132231Z/aggregate.json","targets/web/freshcart_market/tier_d/cohorts/_batches/rerun_missing_gemini_20260525T132231Z/aggregate.json",2391,"batch-level generation/evaluation metadata"
"targets/web/freshcart_market/tier_d/cohorts/_batches/rerun_missing_gemini_20260525T132231Z/manifest.json","targets/web/freshcart_market/tier_d/cohorts/_batches/rerun_missing_gemini_20260525T132231Z/manifest.json",24662,"batch-level generation/evaluation metadata"
"targets/web/freshcart_market/tier_d/cohorts/_batches/rerun_missing_gemini_20260525T132231Z/progress.jsonl","targets/web/freshcart_market/tier_d/cohorts/_batches/rerun_missing_gemini_20260525T132231Z/progress.jsonl",233541,"batch-level generation/evaluation metadata"
"targets/web/freshcart_market/tier_d/cohorts/_batches/rerun_missing_nongemini_20260525T171016Z/aggregate.json","targets/web/freshcart_market/tier_d/cohorts/_batches/rerun_missing_nongemini_20260525T171016Z/aggregate.json",3741,"batch-level generation/evaluation metadata"
"targets/web/freshcart_market/tier_d/cohorts/_batches/rerun_missing_nongemini_20260525T171016Z/manifest.json","targets/web/freshcart_market/tier_d/cohorts/_batches/rerun_missing_nongemini_20260525T171016Z/manifest.json",24655,"batch-level generation/evaluation metadata"
"targets/web/freshcart_market/tier_d/cohorts/_batches/rerun_missing_nongemini_20260525T171016Z/progress.jsonl","targets/web/freshcart_market/tier_d/cohorts/_batches/rerun_missing_nongemini_20260525T171016Z/progress.jsonl",442054,"batch-level generation/evaluation metadata"
"targets/web/freshcart_market/tier_d/contract.dsl.yaml","targets/web/freshcart_market/tier_d/contract.dsl.yaml",64617,"target contract/scenario/evaluation metadata"
"targets/web/freshcart_market/tier_d/reference_app/index.html","targets/web/freshcart_market/tier_d/reference_app/index.html",38717,"reference implementation source"
"targets/web/freshcart_market/tier_d/scenarios.private.dsl.yaml","targets/web/freshcart_market/tier_d/scenarios.private.dsl.yaml",19165,"target contract/scenario/evaluation metadata"
"targets/web/freshcart_market/tier_d/scenarios.public.dsl.yaml","targets/web/freshcart_market/tier_d/scenarios.public.dsl.yaml",6189,"target contract/scenario/evaluation metadata"
"targets/web/homefix_hub/README.md","targets/web/homefix_hub/README.md",1039,"target contract/scenario/evaluation metadata"
"targets/web/homefix_hub/cohorts/_batches/20260514_homefix_all_tiers_10x/README.md","targets/web/homefix_hub/cohorts/_batches/20260514_homefix_all_tiers_10x/README.md",8967,"target contract/scenario/evaluation metadata"
"targets/web/homefix_hub/cohorts/_batches/20260514_homefix_all_tiers_10x/aggregate.json","targets/web/homefix_hub/cohorts/_batches/20260514_homefix_all_tiers_10x/aggregate.json",449678,"batch-level generation/evaluation metadata"
"targets/web/homefix_hub/cohorts/_batches/20260514_homefix_all_tiers_10x/manifest.json","targets/web/homefix_hub/cohorts/_batches/20260514_homefix_all_tiers_10x/manifest.json",549753,"batch-level generation/evaluation metadata"
"targets/web/homefix_hub/cohorts/_batches/20260514_homefix_all_tiers_10x/progress.jsonl","targets/web/homefix_hub/cohorts/_batches/20260514_homefix_all_tiers_10x/progress.jsonl",2332695,"batch-level generation/evaluation metadata"
"targets/web/homefix_hub/cohorts/_batches/20260514_homefix_cd_recalibrated2_f_10x/README.md","targets/web/homefix_hub/cohorts/_batches/20260514_homefix_cd_recalibrated2_f_10x/README.md",1585,"target contract/scenario/evaluation metadata"
"targets/web/homefix_hub/cohorts/_batches/20260514_homefix_cd_recalibrated2_f_10x/aggregate.json","targets/web/homefix_hub/cohorts/_batches/20260514_homefix_cd_recalibrated2_f_10x/aggregate.json",51347,"batch-level generation/evaluation metadata"
"targets/web/homefix_hub/cohorts/_batches/20260514_homefix_cd_recalibrated2_f_10x/manifest.json","targets/web/homefix_hub/cohorts/_batches/20260514_homefix_cd_recalibrated2_f_10x/manifest.json",66120,"batch-level generation/evaluation metadata"
"targets/web/homefix_hub/cohorts/_batches/20260514_homefix_cd_recalibrated2_f_10x/progress.jsonl","targets/web/homefix_hub/cohorts/_batches/20260514_homefix_cd_recalibrated2_f_10x/progress.jsonl",1347167,"batch-level generation/evaluation metadata"
"targets/web/homefix_hub/evaluation_report.md","targets/web/homefix_hub/evaluation_report.md",4327,"target contract/scenario/evaluation metadata"
"targets/web/homefix_hub/tier_a/README.md","targets/web/homefix_hub/tier_a/README.md",572,"target contract/scenario/evaluation metadata"
"targets/web/homefix_hub/tier_a/contract.dsl.yaml","targets/web/homefix_hub/tier_a/contract.dsl.yaml",16456,"target contract/scenario/evaluation metadata"
"targets/web/homefix_hub/tier_a/reference_app/index.html","targets/web/homefix_hub/tier_a/reference_app/index.html",23743,"reference implementation source"
"targets/web/homefix_hub/tier_a/scenarios.private.dsl.yaml","targets/web/homefix_hub/tier_a/scenarios.private.dsl.yaml",4400,"target contract/scenario/evaluation metadata"
"targets/web/homefix_hub/tier_a/scenarios.public.dsl.yaml","targets/web/homefix_hub/tier_a/scenarios.public.dsl.yaml",6435,"target contract/scenario/evaluation metadata"
"targets/web/homefix_hub/tier_b/README.md","targets/web/homefix_hub/tier_b/README.md",590,"target contract/scenario/evaluation metadata"
"targets/web/homefix_hub/tier_b/contract.dsl.yaml","targets/web/homefix_hub/tier_b/contract.dsl.yaml",20406,"target contract/scenario/evaluation metadata"
"targets/web/homefix_hub/tier_b/reference_app/index.html","targets/web/homefix_hub/tier_b/reference_app/index.html",24453,"reference implementation source"
"targets/web/homefix_hub/tier_b/scenarios.private.dsl.yaml","targets/web/homefix_hub/tier_b/scenarios.private.dsl.yaml",5703,"target contract/scenario/evaluation metadata"
"targets/web/homefix_hub/tier_b/scenarios.public.dsl.yaml","targets/web/homefix_hub/tier_b/scenarios.public.dsl.yaml",8124,"target contract/scenario/evaluation metadata"
"targets/web/homefix_hub/tier_c/README.md","targets/web/homefix_hub/tier_c/README.md",597,"target contract/scenario/evaluation metadata"
"targets/web/homefix_hub/tier_c/contract.dsl.yaml","targets/web/homefix_hub/tier_c/contract.dsl.yaml",29209,"target contract/scenario/evaluation metadata"
"targets/web/homefix_hub/tier_c/reference_app/index.html","targets/web/homefix_hub/tier_c/reference_app/index.html",26876,"reference implementation source"
"targets/web/homefix_hub/tier_c/scenarios.private.dsl.yaml","targets/web/homefix_hub/tier_c/scenarios.private.dsl.yaml",27056,"target contract/scenario/evaluation metadata"
"targets/web/homefix_hub/tier_c/scenarios.public.dsl.yaml","targets/web/homefix_hub/tier_c/scenarios.public.dsl.yaml",12380,"target contract/scenario/evaluation metadata"
"targets/web/homefix_hub/tier_d/README.md","targets/web/homefix_hub/tier_d/README.md",625,"target contract/scenario/evaluation metadata"
"targets/web/homefix_hub/tier_d/contract.dsl.yaml","targets/web/homefix_hub/tier_d/contract.dsl.yaml",36524,"target contract/scenario/evaluation metadata"
"targets/web/homefix_hub/tier_d/reference_app/index.html","targets/web/homefix_hub/tier_d/reference_app/index.html",29370,"reference implementation source"
"targets/web/homefix_hub/tier_d/scenarios.private.dsl.yaml","targets/web/homefix_hub/tier_d/scenarios.private.dsl.yaml",53348,"target contract/scenario/evaluation metadata"
"targets/web/homefix_hub/tier_d/scenarios.public.dsl.yaml","targets/web/homefix_hub/tier_d/scenarios.public.dsl.yaml",10661,"target contract/scenario/evaluation metadata"
"targets/web/media_campaign_launch_desk/README.md","targets/web/media_campaign_launch_desk/README.md",1466,"target contract/scenario/evaluation metadata"
"targets/web/media_campaign_launch_desk/cohorts/_batches/rerun_missing_20260525T122900Z/manifest.json","targets/web/media_campaign_launch_desk/cohorts/_batches/rerun_missing_20260525T122900Z/manifest.json",284825,"batch-level generation/evaluation metadata"
"targets/web/media_campaign_launch_desk/cohorts/_batches/rerun_missing_20260525T122900Z/progress.jsonl","targets/web/media_campaign_launch_desk/cohorts/_batches/rerun_missing_20260525T122900Z/progress.jsonl",47669,"batch-level generation/evaluation metadata"
"targets/web/media_campaign_launch_desk/cohorts/_batches/rerun_missing_gemini_20260525T132231Z/README.md","targets/web/media_campaign_launch_desk/cohorts/_batches/rerun_missing_gemini_20260525T132231Z/README.md",908,"target contract/scenario/evaluation metadata"
"targets/web/media_campaign_launch_desk/cohorts/_batches/rerun_missing_gemini_20260525T132231Z/aggregate.json","targets/web/media_campaign_launch_desk/cohorts/_batches/rerun_missing_gemini_20260525T132231Z/aggregate.json",14238,"batch-level generation/evaluation metadata"
"targets/web/media_campaign_launch_desk/cohorts/_batches/rerun_missing_gemini_20260525T132231Z/manifest.json","targets/web/media_campaign_launch_desk/cohorts/_batches/rerun_missing_gemini_20260525T132231Z/manifest.json",16585,"batch-level generation/evaluation metadata"
"targets/web/media_campaign_launch_desk/cohorts/_batches/rerun_missing_gemini_20260525T132231Z/progress.jsonl","targets/web/media_campaign_launch_desk/cohorts/_batches/rerun_missing_gemini_20260525T132231Z/progress.jsonl",309087,"batch-level generation/evaluation metadata"
"targets/web/media_campaign_launch_desk/cohorts/_batches/rerun_missing_nongemini_20260525T171016Z/README.md","targets/web/media_campaign_launch_desk/cohorts/_batches/rerun_missing_nongemini_20260525T171016Z/README.md",3602,"target contract/scenario/evaluation metadata"
"targets/web/media_campaign_launch_desk/cohorts/_batches/rerun_missing_nongemini_20260525T171016Z/aggregate.json","targets/web/media_campaign_launch_desk/cohorts/_batches/rerun_missing_nongemini_20260525T171016Z/aggregate.json",157989,"batch-level generation/evaluation metadata"
"targets/web/media_campaign_launch_desk/cohorts/_batches/rerun_missing_nongemini_20260525T171016Z/manifest.json","targets/web/media_campaign_launch_desk/cohorts/_batches/rerun_missing_nongemini_20260525T171016Z/manifest.json",191269,"batch-level generation/evaluation metadata"
"targets/web/media_campaign_launch_desk/cohorts/_batches/rerun_missing_nongemini_20260525T171016Z/progress.jsonl","targets/web/media_campaign_launch_desk/cohorts/_batches/rerun_missing_nongemini_20260525T171016Z/progress.jsonl",615888,"batch-level generation/evaluation metadata"
"targets/web/media_campaign_launch_desk/evaluation_report.md","targets/web/media_campaign_launch_desk/evaluation_report.md",8397,"target contract/scenario/evaluation metadata"
"targets/web/media_campaign_launch_desk/tier_a/README.md","targets/web/media_campaign_launch_desk/tier_a/README.md",836,"target contract/scenario/evaluation metadata"
"targets/web/media_campaign_launch_desk/tier_a/contract.dsl.yaml","targets/web/media_campaign_launch_desk/tier_a/contract.dsl.yaml",19901,"target contract/scenario/evaluation metadata"
"targets/web/media_campaign_launch_desk/tier_a/reference_app/index.html","targets/web/media_campaign_launch_desk/tier_a/reference_app/index.html",17186,"reference implementation source"
"targets/web/media_campaign_launch_desk/tier_a/scenarios.private.dsl.yaml","targets/web/media_campaign_launch_desk/tier_a/scenarios.private.dsl.yaml",5023,"target contract/scenario/evaluation metadata"
"targets/web/media_campaign_launch_desk/tier_a/scenarios.public.dsl.yaml","targets/web/media_campaign_launch_desk/tier_a/scenarios.public.dsl.yaml",6703,"target contract/scenario/evaluation metadata"
"targets/web/media_campaign_launch_desk/tier_b/README.md","targets/web/media_campaign_launch_desk/tier_b/README.md",893,"target contract/scenario/evaluation metadata"
"targets/web/media_campaign_launch_desk/tier_b/contract.dsl.yaml","targets/web/media_campaign_launch_desk/tier_b/contract.dsl.yaml",26442,"target contract/scenario/evaluation metadata"
"targets/web/media_campaign_launch_desk/tier_b/reference_app/index.html","targets/web/media_campaign_launch_desk/tier_b/reference_app/index.html",26720,"reference implementation source"
"targets/web/media_campaign_launch_desk/tier_b/scenarios.public.dsl.yaml","targets/web/media_campaign_launch_desk/tier_b/scenarios.public.dsl.yaml",11288,"target contract/scenario/evaluation metadata"
"targets/web/media_campaign_launch_desk/tier_c/README.md","targets/web/media_campaign_launch_desk/tier_c/README.md",807,"target contract/scenario/evaluation metadata"
"targets/web/media_campaign_launch_desk/tier_c/contract.dsl.yaml","targets/web/media_campaign_launch_desk/tier_c/contract.dsl.yaml",32653,"target contract/scenario/evaluation metadata"
"targets/web/media_campaign_launch_desk/tier_c/reference_app/index.html","targets/web/media_campaign_launch_desk/tier_c/reference_app/index.html",32588,"reference implementation source"
"targets/web/media_campaign_launch_desk/tier_c/scenarios.private.dsl.yaml","targets/web/media_campaign_launch_desk/tier_c/scenarios.private.dsl.yaml",17395,"target contract/scenario/evaluation metadata"
"targets/web/media_campaign_launch_desk/tier_c/scenarios.public.dsl.yaml","targets/web/media_campaign_launch_desk/tier_c/scenarios.public.dsl.yaml",24318,"target contract/scenario/evaluation metadata"
"targets/web/media_campaign_launch_desk/tier_d/README.md","targets/web/media_campaign_launch_desk/tier_d/README.md",915,"target contract/scenario/evaluation metadata"
"targets/web/media_campaign_launch_desk/tier_d/contract.dsl.yaml","targets/web/media_campaign_launch_desk/tier_d/contract.dsl.yaml",48537,"target contract/scenario/evaluation metadata"
"targets/web/media_campaign_launch_desk/tier_d/reference_app/index.html","targets/web/media_campaign_launch_desk/tier_d/reference_app/index.html",42364,"reference implementation source"
"targets/web/media_campaign_launch_desk/tier_d/scenarios.private.dsl.yaml","targets/web/media_campaign_launch_desk/tier_d/scenarios.private.dsl.yaml",37410,"target contract/scenario/evaluation metadata"
"targets/web/media_campaign_launch_desk/tier_d/scenarios.public.dsl.yaml","targets/web/media_campaign_launch_desk/tier_d/scenarios.public.dsl.yaml",23758,"target contract/scenario/evaluation metadata"
"targets/web/stayflow_concierge/README.md","targets/web/stayflow_concierge/README.md",670,"target contract/scenario/evaluation metadata"
"targets/web/stayflow_concierge/cohorts/_batches/20260511_stayflow_ab_mtf_10x/README.md","targets/web/stayflow_concierge/cohorts/_batches/20260511_stayflow_ab_mtf_10x/README.md",1084,"target contract/scenario/evaluation metadata"
"targets/web/stayflow_concierge/cohorts/_batches/20260511_stayflow_ab_mtf_10x/aggregate.json","targets/web/stayflow_concierge/cohorts/_batches/20260511_stayflow_ab_mtf_10x/aggregate.json",25443,"batch-level generation/evaluation metadata"
"targets/web/stayflow_concierge/cohorts/_batches/20260511_stayflow_ab_mtf_10x/manifest.json","targets/web/stayflow_concierge/cohorts/_batches/20260511_stayflow_ab_mtf_10x/manifest.json",30337,"batch-level generation/evaluation metadata"
"targets/web/stayflow_concierge/cohorts/_batches/20260511_stayflow_ab_mtf_10x/progress.jsonl","targets/web/stayflow_concierge/cohorts/_batches/20260511_stayflow_ab_mtf_10x/progress.jsonl",31942,"batch-level generation/evaluation metadata"
"targets/web/stayflow_concierge/cohorts/_batches/rerun_missing_gemini_20260525T132231Z/README.md","targets/web/stayflow_concierge/cohorts/_batches/rerun_missing_gemini_20260525T132231Z/README.md",811,"target contract/scenario/evaluation metadata"
"targets/web/stayflow_concierge/cohorts/_batches/rerun_missing_gemini_20260525T132231Z/aggregate.json","targets/web/stayflow_concierge/cohorts/_batches/rerun_missing_gemini_20260525T132231Z/aggregate.json",13484,"batch-level generation/evaluation metadata"
"targets/web/stayflow_concierge/cohorts/_batches/rerun_missing_gemini_20260525T132231Z/manifest.json","targets/web/stayflow_concierge/cohorts/_batches/rerun_missing_gemini_20260525T132231Z/manifest.json",18625,"batch-level generation/evaluation metadata"
"targets/web/stayflow_concierge/cohorts/_batches/rerun_missing_gemini_20260525T132231Z/progress.jsonl","targets/web/stayflow_concierge/cohorts/_batches/rerun_missing_gemini_20260525T132231Z/progress.jsonl",161164,"batch-level generation/evaluation metadata"
"targets/web/stayflow_concierge/cohorts/_batches/rerun_missing_nongemini_20260525T171016Z/README.md","targets/web/stayflow_concierge/cohorts/_batches/rerun_missing_nongemini_20260525T171016Z/README.md",1892,"target contract/scenario/evaluation metadata"
"targets/web/stayflow_concierge/cohorts/_batches/rerun_missing_nongemini_20260525T171016Z/aggregate.json","targets/web/stayflow_concierge/cohorts/_batches/rerun_missing_nongemini_20260525T171016Z/aggregate.json",77224,"batch-level generation/evaluation metadata"
"targets/web/stayflow_concierge/cohorts/_batches/rerun_missing_nongemini_20260525T171016Z/manifest.json","targets/web/stayflow_concierge/cohorts/_batches/rerun_missing_nongemini_20260525T171016Z/manifest.json",109713,"batch-level generation/evaluation metadata"
"targets/web/stayflow_concierge/cohorts/_batches/rerun_missing_nongemini_20260525T171016Z/progress.jsonl","targets/web/stayflow_concierge/cohorts/_batches/rerun_missing_nongemini_20260525T171016Z/progress.jsonl",305095,"batch-level generation/evaluation metadata"
"targets/web/stayflow_concierge/cohorts/_batches/stayflow-tier-c-20260511T153500Z/README.md","targets/web/stayflow_concierge/cohorts/_batches/stayflow-tier-c-20260511T153500Z/README.md",858,"target contract/scenario/evaluation metadata"
"targets/web/stayflow_concierge/cohorts/_batches/stayflow-tier-c-20260511T153500Z/aggregate.json","targets/web/stayflow_concierge/cohorts/_batches/stayflow-tier-c-20260511T153500Z/aggregate.json",13956,"batch-level generation/evaluation metadata"
"targets/web/stayflow_concierge/cohorts/_batches/stayflow-tier-c-20260511T153500Z/manifest.json","targets/web/stayflow_concierge/cohorts/_batches/stayflow-tier-c-20260511T153500Z/manifest.json",18370,"batch-level generation/evaluation metadata"
"targets/web/stayflow_concierge/cohorts/_batches/stayflow-tier-c-20260511T153500Z/progress.jsonl","targets/web/stayflow_concierge/cohorts/_batches/stayflow-tier-c-20260511T153500Z/progress.jsonl",20537,"batch-level generation/evaluation metadata"
"targets/web/stayflow_concierge/evaluation_report.md","targets/web/stayflow_concierge/evaluation_report.md",2500,"target contract/scenario/evaluation metadata"
"targets/web/stayflow_concierge/tier_a/README.md","targets/web/stayflow_concierge/tier_a/README.md",3840,"target contract/scenario/evaluation metadata"
"targets/web/stayflow_concierge/tier_a/cohorts/_batches/20260511_stayflow_ab_mtf_10x/README.md","targets/web/stayflow_concierge/tier_a/cohorts/_batches/20260511_stayflow_ab_mtf_10x/README.md",4454,"target contract/scenario/evaluation metadata"
"targets/web/stayflow_concierge/tier_a/cohorts/_batches/20260511_stayflow_ab_mtf_10x/aggregate.json","targets/web/stayflow_concierge/tier_a/cohorts/_batches/20260511_stayflow_ab_mtf_10x/aggregate.json",220631,"batch-level generation/evaluation metadata"
"targets/web/stayflow_concierge/tier_a/cohorts/_batches/20260511_stayflow_ab_mtf_10x/manifest.json","targets/web/stayflow_concierge/tier_a/cohorts/_batches/20260511_stayflow_ab_mtf_10x/manifest.json",233373,"batch-level generation/evaluation metadata"
"targets/web/stayflow_concierge/tier_a/cohorts/_batches/20260511_stayflow_ab_mtf_10x/progress.jsonl","targets/web/stayflow_concierge/tier_a/cohorts/_batches/20260511_stayflow_ab_mtf_10x/progress.jsonl",1722556,"batch-level generation/evaluation metadata"
"targets/web/stayflow_concierge/tier_a/contract.dsl.yaml","targets/web/stayflow_concierge/tier_a/contract.dsl.yaml",24244,"target contract/scenario/evaluation metadata"
"targets/web/stayflow_concierge/tier_a/reference_app/index.html","targets/web/stayflow_concierge/tier_a/reference_app/index.html",38474,"reference implementation source"
"targets/web/stayflow_concierge/tier_a/scenarios.private.dsl.yaml","targets/web/stayflow_concierge/tier_a/scenarios.private.dsl.yaml",10750,"target contract/scenario/evaluation metadata"
"targets/web/stayflow_concierge/tier_a/scenarios.public.dsl.yaml","targets/web/stayflow_concierge/tier_a/scenarios.public.dsl.yaml",2699,"target contract/scenario/evaluation metadata"
"targets/web/stayflow_concierge/tier_b/README.md","targets/web/stayflow_concierge/tier_b/README.md",3020,"target contract/scenario/evaluation metadata"
"targets/web/stayflow_concierge/tier_b/cohorts/_batches/20260511_stayflow_ab_mtf_10x/README.md","targets/web/stayflow_concierge/tier_b/cohorts/_batches/20260511_stayflow_ab_mtf_10x/README.md",4454,"target contract/scenario/evaluation metadata"
"targets/web/stayflow_concierge/tier_b/cohorts/_batches/20260511_stayflow_ab_mtf_10x/aggregate.json","targets/web/stayflow_concierge/tier_b/cohorts/_batches/20260511_stayflow_ab_mtf_10x/aggregate.json",220631,"batch-level generation/evaluation metadata"
"targets/web/stayflow_concierge/tier_b/cohorts/_batches/20260511_stayflow_ab_mtf_10x/manifest.json","targets/web/stayflow_concierge/tier_b/cohorts/_batches/20260511_stayflow_ab_mtf_10x/manifest.json",233373,"batch-level generation/evaluation metadata"
"targets/web/stayflow_concierge/tier_b/cohorts/_batches/20260511_stayflow_ab_mtf_10x/progress.jsonl","targets/web/stayflow_concierge/tier_b/cohorts/_batches/20260511_stayflow_ab_mtf_10x/progress.jsonl",1722556,"batch-level generation/evaluation metadata"
"targets/web/stayflow_concierge/tier_b/contract.dsl.yaml","targets/web/stayflow_concierge/tier_b/contract.dsl.yaml",31563,"target contract/scenario/evaluation metadata"
"targets/web/stayflow_concierge/tier_b/reference_app/index.html","targets/web/stayflow_concierge/tier_b/reference_app/index.html",47670,"reference implementation source"
"targets/web/stayflow_concierge/tier_b/scenarios.private.dsl.yaml","targets/web/stayflow_concierge/tier_b/scenarios.private.dsl.yaml",13823,"target contract/scenario/evaluation metadata"
"targets/web/stayflow_concierge/tier_b/scenarios.public.dsl.yaml","targets/web/stayflow_concierge/tier_b/scenarios.public.dsl.yaml",8895,"target contract/scenario/evaluation metadata"
"targets/web/stayflow_concierge/tier_c/README.md","targets/web/stayflow_concierge/tier_c/README.md",1795,"target contract/scenario/evaluation metadata"
"targets/web/stayflow_concierge/tier_c/cohorts/_batches/stayflow-tier-c-20260511T153500Z/README.md","targets/web/stayflow_concierge/tier_c/cohorts/_batches/stayflow-tier-c-20260511T153500Z/README.md",2313,"target contract/scenario/evaluation metadata"
"targets/web/stayflow_concierge/tier_c/cohorts/_batches/stayflow-tier-c-20260511T153500Z/aggregate.json","targets/web/stayflow_concierge/tier_c/cohorts/_batches/stayflow-tier-c-20260511T153500Z/aggregate.json",111591,"batch-level generation/evaluation metadata"
"targets/web/stayflow_concierge/tier_c/cohorts/_batches/stayflow-tier-c-20260511T153500Z/manifest.json","targets/web/stayflow_concierge/tier_c/cohorts/_batches/stayflow-tier-c-20260511T153500Z/manifest.json",47682,"batch-level generation/evaluation metadata"
"targets/web/stayflow_concierge/tier_c/cohorts/_batches/stayflow-tier-c-20260511T153500Z/progress.jsonl","targets/web/stayflow_concierge/tier_c/cohorts/_batches/stayflow-tier-c-20260511T153500Z/progress.jsonl",643848,"batch-level generation/evaluation metadata"
"targets/web/stayflow_concierge/tier_c/contract.dsl.yaml","targets/web/stayflow_concierge/tier_c/contract.dsl.yaml",40073,"target contract/scenario/evaluation metadata"
"targets/web/stayflow_concierge/tier_c/reference_app/index.html","targets/web/stayflow_concierge/tier_c/reference_app/index.html",56777,"reference implementation source"
"targets/web/stayflow_concierge/tier_c/scenarios.private.dsl.yaml","targets/web/stayflow_concierge/tier_c/scenarios.private.dsl.yaml",12826,"target contract/scenario/evaluation metadata"
"targets/web/stayflow_concierge/tier_c/scenarios.public.dsl.yaml","targets/web/stayflow_concierge/tier_c/scenarios.public.dsl.yaml",12305,"target contract/scenario/evaluation metadata"
"targets/web/stayflow_concierge/tier_d/README.md","targets/web/stayflow_concierge/tier_d/README.md",974,"target contract/scenario/evaluation metadata"
"targets/web/stayflow_concierge/tier_d/contract.dsl.yaml","targets/web/stayflow_concierge/tier_d/contract.dsl.yaml",45331,"target contract/scenario/evaluation metadata"
"targets/web/stayflow_concierge/tier_d/reference_app/index.html","targets/web/stayflow_concierge/tier_d/reference_app/index.html",59821,"reference implementation source"
"targets/web/stayflow_concierge/tier_d/scenarios.private.dsl.yaml","targets/web/stayflow_concierge/tier_d/scenarios.private.dsl.yaml",16175,"target contract/scenario/evaluation metadata"
"targets/web/stayflow_concierge/tier_d/scenarios.public.dsl.yaml","targets/web/stayflow_concierge/tier_d/scenarios.public.dsl.yaml",13039,"target contract/scenario/evaluation metadata"
"tests/test_assertions.py","tests/test_assertions.py",16335,"test suite for evaluator/compiler/scoring"
"tests/test_dashboard.py","tests/test_dashboard.py",9558,"test suite for evaluator/compiler/scoring"
"tests/test_dsl_compiler.py","tests/test_dsl_compiler.py",127261,"test suite for evaluator/compiler/scoring"
"tests/test_gallery.py","tests/test_gallery.py",5475,"test suite for evaluator/compiler/scoring"
"tests/test_release_governance.py","tests/test_release_governance.py",5419,"test suite for evaluator/compiler/scoring"
"tests/test_scoring.py","tests/test_scoring.py",5176,"test suite for evaluator/compiler/scoring"
"tools/audit_private_admissibility.py","tools/audit_private_admissibility.py",50220,"reproduction and figure-generation scripts"
"tools/build_conformweb_figure_pack.py","tools/build_conformweb_figure_pack.py",73949,"reproduction and figure-generation scripts"
"tools/build_conformweb_pair_figure.py","tools/build_conformweb_pair_figure.py",25994,"reproduction and figure-generation scripts"
"tools/build_main_model_experiment_table.py","tools/build_main_model_experiment_table.py",27168,"reproduction and figure-generation scripts"
"tools/build_paper_visualizations.py","tools/build_paper_visualizations.py",179132,"reproduction and figure-generation scripts"
"tools/export_conformweb_evidence_assets.py","tools/export_conformweb_evidence_assets.py",29443,"reproduction and figure-generation scripts"
"tools/export_conformweb_figure_source_data.py","tools/export_conformweb_figure_source_data.py",29737,"reproduction and figure-generation scripts"
"tools/generate_blind_dsl_static_app.py","tools/generate_blind_dsl_static_app.py",39641,"reproduction and figure-generation scripts"
"tools/package_conformweb_contracts.py","tools/package_conformweb_contracts.py",30185,"reproduction and figure-generation scripts"
"tools/run_campus_repeat_cohort.py","tools/run_campus_repeat_cohort.py",4358,"reproduction and figure-generation scripts"
"tools/run_clinic_repeat_cohort.py","tools/run_clinic_repeat_cohort.py",8518,"reproduction and figure-generation scripts"
"tools/run_clinic_tier_b_repeat_cohort.py","tools/run_clinic_tier_b_repeat_cohort.py",11067,"reproduction and figure-generation scripts"
"tools/run_clinic_tier_c_repeat_cohort.py","tools/run_clinic_tier_c_repeat_cohort.py",12469,"reproduction and figure-generation scripts"
"tools/run_clinic_tier_d_repeat_cohort.py","tools/run_clinic_tier_d_repeat_cohort.py",13128,"reproduction and figure-generation scripts"
"tools/run_freshcart_repeat_cohort.py","tools/run_freshcart_repeat_cohort.py",16735,"reproduction and figure-generation scripts"
"tools/run_freshcart_tierc_repeat_cohort.py","tools/run_freshcart_tierc_repeat_cohort.py",18183,"reproduction and figure-generation scripts"
"tools/run_freshcart_tierd_repeat_cohort.py","tools/run_freshcart_tierd_repeat_cohort.py",18534,"reproduction and figure-generation scripts"
"tools/run_homefix_repeat_cohort.py","tools/run_homefix_repeat_cohort.py",4577,"reproduction and figure-generation scripts"
"tools/run_media_repeat_cohort.py","tools/run_media_repeat_cohort.py",4235,"reproduction and figure-generation scripts"
"tools/run_stayflow_repeat_cohort.py","tools/run_stayflow_repeat_cohort.py",23438,"reproduction and figure-generation scripts"
"tools/run_tierb_m_repeat_cohort.py","tools/run_tierb_m_repeat_cohort.py",12678,"reproduction and figure-generation scripts"
"tools/run_tierb_tf_repeat_cohort.py","tools/run_tierb_tf_repeat_cohort.py",14454,"reproduction and figure-generation scripts"
"tools/take_screenshots.py","tools/take_screenshots.py",3317,"reproduction and figure-generation scripts"
"tools/update_completed_rerun_reports.py","tools/update_completed_rerun_reports.py",18052,"reproduction and figure-generation scripts"
"validation_report.md","validation_report.md",2887,"project frontmatter / build metadata"
